R0000100,PUBID
R0171900,YEMP-58500.01
R0172000,YEMP-58500.02
R0172100,YEMP-58500.03
R0172200,YEMP-58500.04
R0172300,YEMP-58500.05
R0172400,YEMP-58500.06
R0172500,YEMP-58500.07
R0244000,YEMP-101100.01
R0244100,YEMP-101100.02
R0244200,YEMP-101100.03
R0244300,YEMP-101100.04
R0244400,YEMP-101100.05
R0244500,YEMP-101100.06
R0244600,YEMP-101100.07
R0244700,YEMP-101200.01
R0244800,YEMP-101200.02
R0244900,YEMP-101200.03
R0245000,YEMP-101200.04
R0245100,YEMP-101200.05
R0245200,YEMP-101200.06
R0245300,YEMP-101200.07
R0529701,YEMP_STARTDATE.01_M
R0529702,YEMP_STARTDATE.01_Y
R0529801,YEMP_STARTDATE.02_M
R0529802,YEMP_STARTDATE.02_Y
R0529901,YEMP_STARTDATE.03_M
R0529902,YEMP_STARTDATE.03_Y
R0530001,YEMP_STARTDATE.04_M
R0530002,YEMP_STARTDATE.04_Y
R0530101,YEMP_STARTDATE.05_M
R0530102,YEMP_STARTDATE.05_Y
R0530201,YEMP_STARTDATE.06_M
R0530202,YEMP_STARTDATE.06_Y
R0530301,YEMP_STARTDATE.07_M
R0530302,YEMP_STARTDATE.07_Y
R0530401,YEMP_STOPDATE.01_M
R0530402,YEMP_STOPDATE.01_Y
R0530501,YEMP_STOPDATE.02_M
R0530502,YEMP_STOPDATE.02_Y
R0530601,YEMP_STOPDATE.03_M
R0530602,YEMP_STOPDATE.03_Y
R0530701,YEMP_STOPDATE.04_M
R0530702,YEMP_STOPDATE.04_Y
R0530801,YEMP_STOPDATE.05_M
R0530802,YEMP_STOPDATE.05_Y
R0530901,YEMP_STOPDATE.06_M
R0530902,YEMP_STOPDATE.06_Y
R0531001,YEMP_STOPDATE.07_M
R0531002,YEMP_STOPDATE.07_Y
R0536300,KEY!SEX
R0536401,KEY!BDATE_M
R0536402,KEY!BDATE_Y
R0552200,P2-013
R1194100,CV_AGE_INT_DATE
R1204500,CV_INCOME_GROSS_YR
R1208500,CV_HRLY_PAY.01
R1208600,CV_HRLY_PAY.02
R1208700,CV_HRLY_PAY.03
R1208800,CV_HRLY_PAY.04
R1208900,CV_HRLY_PAY.05
R1209000,CV_HRLY_PAY.06
R1209100,CV_HRLY_PAY.07
R1217500,CV_URBAN-RURAL
R1235800,CV_SAMPLE_TYPE
R1482600,KEY!RACE_ETHNICITY
R1846600,YEMP-58500.01
R1846700,YEMP-58500.02
R1846800,YEMP-58500.03
R1846900,YEMP-58500.04
R1847000,YEMP-58500.05
R1847100,YEMP-58500.06
R1847200,YEMP-58500.07
R1847300,YEMP-58500.08
R1847400,YEMP-58500.09
R2050000,YEMP-101100.01
R2050100,YEMP-101100.02
R2050200,YEMP-101100.03
R2050300,YEMP-101100.04
R2050400,YEMP-101100.05
R2050500,YEMP-101100.06
R2050600,YEMP-101100.07
R2050700,YEMP-101100.09
R2050800,YEMP-101200.01
R2050900,YEMP-101200.02
R2051000,YEMP-101200.03
R2051100,YEMP-101200.04
R2051200,YEMP-101200.05
R2051300,YEMP-101200.06
R2051400,YEMP-101200.07
R2051500,YEMP-101200.09
R2472501,YEMP_STARTDATE.01~M
R2472502,YEMP_STARTDATE.01~Y
R2472601,YEMP_STARTDATE.02~M
R2472602,YEMP_STARTDATE.02~Y
R2472701,YEMP_STARTDATE.03~M
R2472702,YEMP_STARTDATE.03~Y
R2472801,YEMP_STARTDATE.04~M
R2472802,YEMP_STARTDATE.04~Y
R2472901,YEMP_STARTDATE.05~M
R2472902,YEMP_STARTDATE.05~Y
R2473001,YEMP_STARTDATE.06~M
R2473002,YEMP_STARTDATE.06~Y
R2473101,YEMP_STARTDATE.07~M
R2473102,YEMP_STARTDATE.07~Y
R2473201,YEMP_STARTDATE.08~M
R2473202,YEMP_STARTDATE.08~Y
R2473301,YEMP_STARTDATE.09~M
R2473302,YEMP_STARTDATE.09~Y
R2473401,YEMP_STOPDATE.01~M
R2473402,YEMP_STOPDATE.01~Y
R2473501,YEMP_STOPDATE.02~M
R2473502,YEMP_STOPDATE.02~Y
R2473601,YEMP_STOPDATE.03~M
R2473602,YEMP_STOPDATE.03~Y
R2473701,YEMP_STOPDATE.04~M
R2473702,YEMP_STOPDATE.04~Y
R2473801,YEMP_STOPDATE.05~M
R2473802,YEMP_STOPDATE.05~Y
R2473901,YEMP_STOPDATE.06~M
R2473902,YEMP_STOPDATE.06~Y
R2474001,YEMP_STOPDATE.07~M
R2474002,YEMP_STOPDATE.07~Y
R2474101,YEMP_STOPDATE.08~M
R2474102,YEMP_STOPDATE.08~Y
R2474201,YEMP_STOPDATE.09~M
R2474202,YEMP_STOPDATE.09~Y
R2553500,CV_AGE_INT_DATE
R2563201,CV_HGC_9899
R2563300,CV_INCOME_GROSS_YR
R2567200,CV_HRLY_PAY.01
R2567300,CV_HRLY_PAY.02
R2567400,CV_HRLY_PAY.03
R2567500,CV_HRLY_PAY.04
R2567600,CV_HRLY_PAY.05
R2567700,CV_HRLY_PAY.06
R2567800,CV_HRLY_PAY.07
R2567900,CV_HRLY_PAY.08
R2568000,CV_HRLY_PAY.09
R2576800,CV_URBAN-RURAL
R3189000,YEMP-58500.01
R3189100,YEMP-58500.02
R3189200,YEMP-58500.03
R3189300,YEMP-58500.04
R3189400,YEMP-58500.05
R3189500,YEMP-58500.06
R3189600,YEMP-58500.07
R3189700,YEMP-58500.08
R3189800,YEMP-58500.09
R3387200,YEMP-101100.01
R3387300,YEMP-101100.02
R3387400,YEMP-101100.03
R3387500,YEMP-101100.04
R3387600,YEMP-101100.05
R3387700,YEMP-101100.06
R3387800,YEMP-101100.07
R3387900,YEMP-101100.09
R3388000,YEMP-101200.01
R3388100,YEMP-101200.02
R3388200,YEMP-101200.03
R3388300,YEMP-101200.04
R3388400,YEMP-101200.05
R3388500,YEMP-101200.06
R3388600,YEMP-101200.07
R3388700,YEMP-101200.09
R3786401,YEMP_STARTDATE.01~M
R3786402,YEMP_STARTDATE.01~Y
R3786501,YEMP_STARTDATE.02~M
R3786502,YEMP_STARTDATE.02~Y
R3786601,YEMP_STARTDATE.03~M
R3786602,YEMP_STARTDATE.03~Y
R3786701,YEMP_STARTDATE.04~M
R3786702,YEMP_STARTDATE.04~Y
R3786801,YEMP_STARTDATE.05~M
R3786802,YEMP_STARTDATE.05~Y
R3786901,YEMP_STARTDATE.06~M
R3786902,YEMP_STARTDATE.06~Y
R3787001,YEMP_STARTDATE.07~M
R3787002,YEMP_STARTDATE.07~Y
R3787101,YEMP_STARTDATE.08~M
R3787102,YEMP_STARTDATE.08~Y
R3787201,YEMP_STARTDATE.09~M
R3787202,YEMP_STARTDATE.09~Y
R3787301,YEMP_STOPDATE.01~M
R3787302,YEMP_STOPDATE.01~Y
R3787401,YEMP_STOPDATE.02~M
R3787402,YEMP_STOPDATE.02~Y
R3787501,YEMP_STOPDATE.03~M
R3787502,YEMP_STOPDATE.03~Y
R3787601,YEMP_STOPDATE.04~M
R3787602,YEMP_STOPDATE.04~Y
R3787701,YEMP_STOPDATE.05~M
R3787702,YEMP_STOPDATE.05~Y
R3787801,YEMP_STOPDATE.06~M
R3787802,YEMP_STOPDATE.06~Y
R3787901,YEMP_STOPDATE.07~M
R3787902,YEMP_STOPDATE.07~Y
R3788001,YEMP_STOPDATE.08~M
R3788002,YEMP_STOPDATE.08~Y
R3788101,YEMP_STOPDATE.09~M
R3788102,YEMP_STOPDATE.09~Y
R3876300,CV_AGE_INT_DATE
R3884801,CV_HGC_9900
R3884900,CV_INCOME_GROSS_YR
R3888900,CV_HRLY_PAY.01
R3889000,CV_HRLY_PAY.02
R3889100,CV_HRLY_PAY.03
R3889200,CV_HRLY_PAY.04
R3889300,CV_HRLY_PAY.05
R3889400,CV_HRLY_PAY.06
R3889500,CV_HRLY_PAY.07
R3889600,CV_HRLY_PAY.08
R3889700,CV_HRLY_PAY.09
R3899100,CV_URBAN-RURAL
R4471400,YEMP-58500.01
R4471500,YEMP-58500.02
R4471600,YEMP-58500.03
R4471700,YEMP-58500.04
R4471800,YEMP-58500.05
R4471900,YEMP-58500.06
R4472000,YEMP-58500.07
R4472100,YEMP-58500.08
R4472200,YEMP-58500.09
R4766800,YEMP-101100.01
R4766900,YEMP-101100.02
R4767000,YEMP-101100.03
R4767100,YEMP-101100.04
R4767200,YEMP-101100.05
R4767300,YEMP-101100.06
R4767400,YEMP-101100.07
R4767500,YEMP-101100.08
R4767600,YEMP-101100.09
R4771900,YEMP-101200.01
R4772000,YEMP-101200.02
R4772100,YEMP-101200.03
R4772200,YEMP-101200.04
R4772300,YEMP-101200.05
R4772400,YEMP-101200.06
R4772500,YEMP-101200.07
R4772600,YEMP-101200.08
R4772700,YEMP-101200.09
R5310101,YEMP_STARTDATE.01~M
R5310102,YEMP_STARTDATE.01~Y
R5310201,YEMP_STARTDATE.02~M
R5310202,YEMP_STARTDATE.02~Y
R5310301,YEMP_STARTDATE.03~M
R5310302,YEMP_STARTDATE.03~Y
R5310401,YEMP_STARTDATE.04~M
R5310402,YEMP_STARTDATE.04~Y
R5310501,YEMP_STARTDATE.05~M
R5310502,YEMP_STARTDATE.05~Y
R5310601,YEMP_STARTDATE.06~M
R5310602,YEMP_STARTDATE.06~Y
R5310701,YEMP_STARTDATE.07~M
R5310702,YEMP_STARTDATE.07~Y
R5310801,YEMP_STARTDATE.08~M
R5310802,YEMP_STARTDATE.08~Y
R5310901,YEMP_STARTDATE.09~M
R5310902,YEMP_STARTDATE.09~Y
R5311001,YEMP_STOPDATE.01~M
R5311002,YEMP_STOPDATE.01~Y
R5311101,YEMP_STOPDATE.02~M
R5311102,YEMP_STOPDATE.02~Y
R5311201,YEMP_STOPDATE.03~M
R5311202,YEMP_STOPDATE.03~Y
R5311301,YEMP_STOPDATE.04~M
R5311302,YEMP_STOPDATE.04~Y
R5311401,YEMP_STOPDATE.05~M
R5311402,YEMP_STOPDATE.05~Y
R5311501,YEMP_STOPDATE.06~M
R5311502,YEMP_STOPDATE.06~Y
R5311601,YEMP_STOPDATE.07~M
R5311602,YEMP_STOPDATE.07~Y
R5311701,YEMP_STOPDATE.08~M
R5311702,YEMP_STOPDATE.08~Y
R5311801,YEMP_STOPDATE.09~M
R5311802,YEMP_STOPDATE.09~Y
R5453700,CV_AGE_INT_DATE
R5464001,CV_HGC_0001
R5464100,CV_INCOME_GROSS_YR
R5471000,CV_HRLY_PAY.01
R5471100,CV_HRLY_PAY.02
R5471200,CV_HRLY_PAY.03
R5471300,CV_HRLY_PAY.04
R5471400,CV_HRLY_PAY.05
R5471500,CV_HRLY_PAY.06
R5471600,CV_HRLY_PAY.07
R5471700,CV_HRLY_PAY.08
R5471800,CV_HRLY_PAY.09
R5484100,CV_URBAN-RURAL
R6132100,YEMP-58500.01
R6132200,YEMP-58500.02
R6132300,YEMP-58500.03
R6132400,YEMP-58500.04
R6132500,YEMP-58500.05
R6132600,YEMP-58500.06
R6132700,YEMP-58500.07
R6395500,YEMP-101100.01
R6395600,YEMP-101100.02
R6395700,YEMP-101100.03
R6395800,YEMP-101100.04
R6395900,YEMP-101100.05
R6396000,YEMP-101100.06
R6396100,YEMP-101100.07
R6401500,YEMP-101200.01
R6401600,YEMP-101200.02
R6401700,YEMP-101200.03
R6401800,YEMP-101200.04
R6401900,YEMP-101200.05
R6402000,YEMP-101200.06
R6402100,YEMP-101200.07
R7051101,YEMP_STARTDATE.01~M
R7051102,YEMP_STARTDATE.01~Y
R7051201,YEMP_STARTDATE.02~M
R7051202,YEMP_STARTDATE.02~Y
R7051301,YEMP_STARTDATE.03~M
R7051302,YEMP_STARTDATE.03~Y
R7051401,YEMP_STARTDATE.04~M
R7051402,YEMP_STARTDATE.04~Y
R7051501,YEMP_STARTDATE.05~M
R7051502,YEMP_STARTDATE.05~Y
R7051601,YEMP_STARTDATE.06~M
R7051602,YEMP_STARTDATE.06~Y
R7051701,YEMP_STARTDATE.07~M
R7051702,YEMP_STARTDATE.07~Y
R7051801,YEMP_STARTDATE.08~M
R7051802,YEMP_STARTDATE.08~Y
R7051901,YEMP_STOPDATE.01~M
R7051902,YEMP_STOPDATE.01~Y
R7052001,YEMP_STOPDATE.02~M
R7052002,YEMP_STOPDATE.02~Y
R7052101,YEMP_STOPDATE.03~M
R7052102,YEMP_STOPDATE.03~Y
R7052201,YEMP_STOPDATE.04~M
R7052202,YEMP_STOPDATE.04~Y
R7052301,YEMP_STOPDATE.05~M
R7052302,YEMP_STOPDATE.05~Y
R7052401,YEMP_STOPDATE.06~M
R7052402,YEMP_STOPDATE.06~Y
R7052501,YEMP_STOPDATE.07~M
R7052502,YEMP_STOPDATE.07~Y
R7052601,YEMP_STOPDATE.08~M
R7052602,YEMP_STOPDATE.08~Y
R7216000,CV_AGE_INT_DATE
R7227701,CV_HGC_0102
R7227800,CV_INCOME_GROSS_YR
R7234900,CV_HRLY_PAY.01
R7235000,CV_HRLY_PAY.02
R7235100,CV_HRLY_PAY.03
R7235200,CV_HRLY_PAY.04
R7235300,CV_HRLY_PAY.05
R7235400,CV_HRLY_PAY.06
R7235500,CV_HRLY_PAY.07
R7235600,CV_HRLY_PAY.08
R7248400,CV_URBAN-RURAL
S0527800,YEMP-58500.01
S0527900,YEMP-58500.02
S0528000,YEMP-58500.03
S0528100,YEMP-58500.04
S0528200,YEMP-58500.05
S0528300,YEMP-58500.06
S0528400,YEMP-58500.07
S0528500,YEMP-58500.08
S0528600,YEMP-58500.09
S0528700,YEMP-58500.10
S0528800,YEMP-58500.11
S0822300,YEMP-101100.01
S0822400,YEMP-101100.02
S0822500,YEMP-101100.03
S0822600,YEMP-101100.04
S0822700,YEMP-101100.05
S0822800,YEMP-101100.06
S0822900,YEMP-101100.07
S0823000,YEMP-101100.08
S0823100,YEMP-101100.09
S0823200,YEMP-101100.11
S0829000,YEMP-101200.01
S0829100,YEMP-101200.02
S0829200,YEMP-101200.03
S0829300,YEMP-101200.04
S0829400,YEMP-101200.05
S0829500,YEMP-101200.06
S0829600,YEMP-101200.07
S0829700,YEMP-101200.08
S0829800,YEMP-101200.09
S0829900,YEMP-101200.11
S1521001,YEMP_STARTDATE.01~M
S1521002,YEMP_STARTDATE.01~Y
S1521101,YEMP_STARTDATE.02~M
S1521102,YEMP_STARTDATE.02~Y
S1521201,YEMP_STARTDATE.03~M
S1521202,YEMP_STARTDATE.03~Y
S1521301,YEMP_STARTDATE.04~M
S1521302,YEMP_STARTDATE.04~Y
S1521401,YEMP_STARTDATE.05~M
S1521402,YEMP_STARTDATE.05~Y
S1521501,YEMP_STARTDATE.06~M
S1521502,YEMP_STARTDATE.06~Y
S1521601,YEMP_STARTDATE.07~M
S1521602,YEMP_STARTDATE.07~Y
S1521701,YEMP_STARTDATE.08~M
S1521702,YEMP_STARTDATE.08~Y
S1521801,YEMP_STARTDATE.09~M
S1521802,YEMP_STARTDATE.09~Y
S1521901,YEMP_STARTDATE.10~M
S1521902,YEMP_STARTDATE.10~Y
S1522001,YEMP_STARTDATE.11~M
S1522002,YEMP_STARTDATE.11~Y
S1522101,YEMP_STOPDATE.01~M
S1522102,YEMP_STOPDATE.01~Y
S1522201,YEMP_STOPDATE.02~M
S1522202,YEMP_STOPDATE.02~Y
S1522301,YEMP_STOPDATE.03~M
S1522302,YEMP_STOPDATE.03~Y
S1522401,YEMP_STOPDATE.04~M
S1522402,YEMP_STOPDATE.04~Y
S1522501,YEMP_STOPDATE.05~M
S1522502,YEMP_STOPDATE.05~Y
S1522601,YEMP_STOPDATE.06~M
S1522602,YEMP_STOPDATE.06~Y
S1522701,YEMP_STOPDATE.07~M
S1522702,YEMP_STOPDATE.07~Y
S1522801,YEMP_STOPDATE.08~M
S1522802,YEMP_STOPDATE.08~Y
S1522901,YEMP_STOPDATE.09~M
S1522902,YEMP_STOPDATE.09~Y
S1523001,YEMP_STOPDATE.10~M
S1523002,YEMP_STOPDATE.10~Y
S1523101,YEMP_STOPDATE.11~M
S1523102,YEMP_STOPDATE.11~Y
S1531400,CV_AGE_INT_DATE
S1541601,CV_HGC_0203
S1541700,CV_INCOME_GROSS_YR
S1549400,CV_HRLY_PAY.01
S1549500,CV_HRLY_PAY.02
S1549600,CV_HRLY_PAY.03
S1549700,CV_HRLY_PAY.04
S1549800,CV_HRLY_PAY.05
S1549900,CV_HRLY_PAY.06
S1550000,CV_HRLY_PAY.07
S1550100,CV_HRLY_PAY.08
S1550200,CV_HRLY_PAY.09
S1550300,CV_HRLY_PAY.10
S1550400,CV_HRLY_PAY.11
S1564300,CV_URBAN-RURAL
S2001000,CV_AGE_INT_DATE
S2011401,CV_HGC_0304
S2011500,CV_INCOME_GROSS_YR
S2019400,CV_HRLY_PAY.01
S2019500,CV_HRLY_PAY.02
S2019600,CV_HRLY_PAY.03
S2019700,CV_HRLY_PAY.04
S2019800,CV_HRLY_PAY.05
S2019900,CV_HRLY_PAY.06
S2020000,CV_HRLY_PAY.07
S2020100,CV_HRLY_PAY.08
S2020200,CV_HRLY_PAY.09
S2020300,CV_HRLY_PAY.10
S2034400,CV_URBAN-RURAL
S2605700,YEMP-58500.01
S2605800,YEMP-58500.02
S2605900,YEMP-58500.03
S2606000,YEMP-58500.04
S2606100,YEMP-58500.05
S2606200,YEMP-58500.06
S2606300,YEMP-58500.07
S2606400,YEMP-58500.08
S2606500,YEMP-58500.09
S2887000,YEMP-101100.01
S2887100,YEMP-101100.02
S2887200,YEMP-101100.03
S2887300,YEMP-101100.04
S2887400,YEMP-101100.05
S2887500,YEMP-101100.06
S2887600,YEMP-101100.07
S2887700,YEMP-101100.08
S2887800,YEMP-101100.09
S2887900,YEMP-101100.10
S2894400,YEMP-101200.01
S2894500,YEMP-101200.02
S2894600,YEMP-101200.03
S2894700,YEMP-101200.04
S2894800,YEMP-101200.05
S2894900,YEMP-101200.06
S2895000,YEMP-101200.07
S2895100,YEMP-101200.08
S2895200,YEMP-101200.09
S2895300,YEMP-101200.10
S3586901,YEMP_STARTDATE.01~M
S3586902,YEMP_STARTDATE.01~Y
S3587001,YEMP_STARTDATE.02~M
S3587002,YEMP_STARTDATE.02~Y
S3587101,YEMP_STARTDATE.03~M
S3587102,YEMP_STARTDATE.03~Y
S3587201,YEMP_STARTDATE.04~M
S3587202,YEMP_STARTDATE.04~Y
S3587301,YEMP_STARTDATE.05~M
S3587302,YEMP_STARTDATE.05~Y
S3587401,YEMP_STARTDATE.06~M
S3587402,YEMP_STARTDATE.06~Y
S3587501,YEMP_STARTDATE.07~M
S3587502,YEMP_STARTDATE.07~Y
S3587601,YEMP_STARTDATE.08~M
S3587602,YEMP_STARTDATE.08~Y
S3587701,YEMP_STARTDATE.09~M
S3587702,YEMP_STARTDATE.09~Y
S3587801,YEMP_STARTDATE.10~M
S3587802,YEMP_STARTDATE.10~Y
S3587901,YEMP_STOPDATE.01~M
S3587902,YEMP_STOPDATE.01~Y
S3588001,YEMP_STOPDATE.02~M
S3588002,YEMP_STOPDATE.02~Y
S3588101,YEMP_STOPDATE.03~M
S3588102,YEMP_STOPDATE.03~Y
S3588201,YEMP_STOPDATE.04~M
S3588202,YEMP_STOPDATE.04~Y
S3588301,YEMP_STOPDATE.05~M
S3588302,YEMP_STOPDATE.05~Y
S3588401,YEMP_STOPDATE.06~M
S3588402,YEMP_STOPDATE.06~Y
S3588501,YEMP_STOPDATE.07~M
S3588502,YEMP_STOPDATE.07~Y
S3588601,YEMP_STOPDATE.08~M
S3588602,YEMP_STOPDATE.08~Y
S3588701,YEMP_STOPDATE.09~M
S3588702,YEMP_STOPDATE.09~Y
S3588801,YEMP_STOPDATE.10~M
S3588802,YEMP_STOPDATE.10~Y
S3801100,CV_AGE_INT_DATE
S3812301,CV_HGC_0405
S3812400,CV_INCOME_FAMILY
S3820900,CV_HRLY_PAY.01
S3821000,CV_HRLY_PAY.02
S3821100,CV_HRLY_PAY.03
S3821200,CV_HRLY_PAY.04
S3821300,CV_HRLY_PAY.05
S3821400,CV_HRLY_PAY.06
S3821500,CV_HRLY_PAY.07
S3835800,CV_URBAN-RURAL
S4340700,YEMP-58500.01
S4340800,YEMP-58500.02
S4340900,YEMP-58500.03
S4341000,YEMP-58500.04
S4341100,YEMP-58500.05
S4341200,YEMP-58500.06
S4341300,YEMP-58500.07
S4597000,YEMP-101100.01
S4597100,YEMP-101100.02
S4597200,YEMP-101100.03
S4597300,YEMP-101100.04
S4597400,YEMP-101100.05
S4597500,YEMP-101100.06
S4597600,YEMP-101100.07
S4602900,YEMP-101200.01
S4603000,YEMP-101200.02
S4603100,YEMP-101200.03
S4603200,YEMP-101200.04
S4603300,YEMP-101200.05
S4603400,YEMP-101200.06
S4603500,YEMP-101200.07
S5113901,YEMP_STOPDATE.01~M
S5113902,YEMP_STOPDATE.01~Y
S5114001,YEMP_STOPDATE.02~M
S5114002,YEMP_STOPDATE.02~Y
S5114101,YEMP_STOPDATE.03~M
S5114102,YEMP_STOPDATE.03~Y
S5114201,YEMP_STOPDATE.04~M
S5114202,YEMP_STOPDATE.04~Y
S5114301,YEMP_STOPDATE.05~M
S5114302,YEMP_STOPDATE.05~Y
S5114401,YEMP_STOPDATE.06~M
S5114402,YEMP_STOPDATE.06~Y
S5114501,YEMP_STOPDATE.07~M
S5114502,YEMP_STOPDATE.07~Y
S5128901,YEMP_STARTDATE.01~M
S5128902,YEMP_STARTDATE.01~Y
S5129001,YEMP_STARTDATE.02~M
S5129002,YEMP_STARTDATE.02~Y
S5129101,YEMP_STARTDATE.03~M
S5129102,YEMP_STARTDATE.03~Y
S5129201,YEMP_STARTDATE.04~M
S5129202,YEMP_STARTDATE.04~Y
S5129301,YEMP_STARTDATE.05~M
S5129302,YEMP_STARTDATE.05~Y
S5129401,YEMP_STARTDATE.06~M
S5129402,YEMP_STARTDATE.06~Y
S5129501,YEMP_STARTDATE.07~M
S5129502,YEMP_STARTDATE.07~Y
S5401000,CV_AGE_INT_DATE
S5412800,CV_INCOME_FAMILY
S5421000,CV_HRLY_PAY.01
S5421100,CV_HRLY_PAY.02
S5421200,CV_HRLY_PAY.03
S5421300,CV_HRLY_PAY.04
S5421400,CV_HRLY_PAY.05
S5421500,CV_HRLY_PAY.06
S5421600,CV_HRLY_PAY.07
S5421700,CV_HRLY_PAY.08
S5421800,CV_HRLY_PAY.09
S5436300,CV_URBAN-RURAL
S5931500,YEMP-58500.01
S5931600,YEMP-58500.02
S5931700,YEMP-58500.03
S5931800,YEMP-58500.04
S5931900,YEMP-58500.05
S5932000,YEMP-58500.06
S5932100,YEMP-58500.07
S5932200,YEMP-58500.08
S6209000,YEMP-101100.01
S6209100,YEMP-101100.02
S6209200,YEMP-101100.03
S6209300,YEMP-101100.04
S6209400,YEMP-101100.05
S6209500,YEMP-101100.06
S6209600,YEMP-101100.07
S6209700,YEMP-101100.08
S6209800,YEMP-101100.09
S6222100,YEMP-101200.01
S6222200,YEMP-101200.02
S6222300,YEMP-101200.03
S6222400,YEMP-101200.04
S6222500,YEMP-101200.05
S6222600,YEMP-101200.06
S6222700,YEMP-101200.07
S6222800,YEMP-101200.08
S6222900,YEMP-101200.09
S6862301,YEMP_STOPDATE.01~M
S6862302,YEMP_STOPDATE.01~Y
S6862401,YEMP_STOPDATE.02~M
S6862402,YEMP_STOPDATE.02~Y
S6862501,YEMP_STOPDATE.03~M
S6862502,YEMP_STOPDATE.03~Y
S6862601,YEMP_STOPDATE.04~M
S6862602,YEMP_STOPDATE.04~Y
S6862701,YEMP_STOPDATE.05~M
S6862702,YEMP_STOPDATE.05~Y
S6862801,YEMP_STOPDATE.06~M
S6862802,YEMP_STOPDATE.06~Y
S6862901,YEMP_STOPDATE.07~M
S6862902,YEMP_STOPDATE.07~Y
S6863001,YEMP_STOPDATE.08~M
S6863002,YEMP_STOPDATE.08~Y
S6863101,YEMP_STOPDATE.09~M
S6863102,YEMP_STOPDATE.09~Y
S6880801,YEMP_STARTDATE.01~M
S6880802,YEMP_STARTDATE.01~Y
S6880901,YEMP_STARTDATE.02~M
S6880902,YEMP_STARTDATE.02~Y
S6881001,YEMP_STARTDATE.03~M
S6881002,YEMP_STARTDATE.03~Y
S6881101,YEMP_STARTDATE.04~M
S6881102,YEMP_STARTDATE.04~Y
S6881201,YEMP_STARTDATE.05~M
S6881202,YEMP_STARTDATE.05~Y
S6881301,YEMP_STARTDATE.06~M
S6881302,YEMP_STARTDATE.06~Y
S6881401,YEMP_STARTDATE.07~M
S6881402,YEMP_STARTDATE.07~Y
S6881501,YEMP_STARTDATE.08~M
S6881502,YEMP_STARTDATE.08~Y
S6881601,YEMP_STARTDATE.09~M
S6881602,YEMP_STARTDATE.09~Y
S7501200,CV_AGE_INT_DATE
S7513700,CV_INCOME_FAMILY
S7522200,CV_HRLY_PAY.01
S7522300,CV_HRLY_PAY.02
S7522400,CV_HRLY_PAY.03
S7522500,CV_HRLY_PAY.04
S7522600,CV_HRLY_PAY.05
S7522700,CV_HRLY_PAY.06
S7522800,CV_HRLY_PAY.07
S7522900,CV_HRLY_PAY.08
S7523000,CV_HRLY_PAY.09
S7537100,CV_URBAN-RURAL
S8009500,YEMP-58500.01
S8009600,YEMP-58500.02
S8009700,YEMP-58500.03
S8009800,YEMP-58500.04
S8009900,YEMP-58500.05
S8010000,YEMP-58500.06
S8010100,YEMP-58500.07
S8010200,YEMP-58500.08
S8010300,YEMP-58500.09
S8231400,YEMP-101100.01
S8231500,YEMP-101100.02
S8231600,YEMP-101100.03
S8231700,YEMP-101100.04
S8231800,YEMP-101100.05
S8231900,YEMP-101100.06
S8232000,YEMP-101100.07
S8232100,YEMP-101100.09
S8241400,YEMP-101200.01
S8241500,YEMP-101200.02
S8241600,YEMP-101200.03
S8241700,YEMP-101200.04
S8241800,YEMP-101200.05
S8241900,YEMP-101200.06
S8242000,YEMP-101200.07
S8242100,YEMP-101200.09
S8844101,YEMP_STOPDATE.01~M
S8844102,YEMP_STOPDATE.01~Y
S8844201,YEMP_STOPDATE.02~M
S8844202,YEMP_STOPDATE.02~Y
S8844301,YEMP_STOPDATE.03~M
S8844302,YEMP_STOPDATE.03~Y
S8844401,YEMP_STOPDATE.04~M
S8844402,YEMP_STOPDATE.04~Y
S8844501,YEMP_STOPDATE.05~M
S8844502,YEMP_STOPDATE.05~Y
S8844601,YEMP_STOPDATE.06~M
S8844602,YEMP_STOPDATE.06~Y
S8844701,YEMP_STOPDATE.07~M
S8844702,YEMP_STOPDATE.07~Y
S8844801,YEMP_STOPDATE.08~M
S8844802,YEMP_STOPDATE.08~Y
S8844901,YEMP_STOPDATE.09~M
S8844902,YEMP_STOPDATE.09~Y
S8862201,YEMP_STARTDATE.01~M
S8862202,YEMP_STARTDATE.01~Y
S8862301,YEMP_STARTDATE.02~M
S8862302,YEMP_STARTDATE.02~Y
S8862401,YEMP_STARTDATE.03~M
S8862402,YEMP_STARTDATE.03~Y
S8862501,YEMP_STARTDATE.04~M
S8862502,YEMP_STARTDATE.04~Y
S8862601,YEMP_STARTDATE.05~M
S8862602,YEMP_STARTDATE.05~Y
S8862701,YEMP_STARTDATE.06~M
S8862702,YEMP_STARTDATE.06~Y
S8862801,YEMP_STARTDATE.07~M
S8862802,YEMP_STARTDATE.07~Y
S8862901,YEMP_STARTDATE.08~M
S8862902,YEMP_STARTDATE.08~Y
S8863001,YEMP_STARTDATE.09~M
S8863002,YEMP_STARTDATE.09~Y
T0008500,CV_AGE_INT_DATE
T0014100,CV_INCOME_FAMILY
T0022800,CV_HRLY_PAY.01
T0022900,CV_HRLY_PAY.02
T0023000,CV_HRLY_PAY.03
T0023100,CV_HRLY_PAY.04
T0023200,CV_HRLY_PAY.05
T0023300,CV_HRLY_PAY.06
T0023400,CV_HRLY_PAY.07
T0023500,CV_HRLY_PAY.08
T0033700,CV_URBAN-RURAL
T0411500,YEMP-58500.01
T0411600,YEMP-58500.02
T0411700,YEMP-58500.03
T0411800,YEMP-58500.04
T0411900,YEMP-58500.05
T0412000,YEMP-58500.06
T0412100,YEMP-58500.07
T0412200,YEMP-58500.08
T0639200,YEMP-101100.01
T0639300,YEMP-101100.02
T0639400,YEMP-101100.03
T0639500,YEMP-101100.04
T0639600,YEMP-101100.05
T0639700,YEMP-101100.06
T0639800,YEMP-101100.07
T0639900,YEMP-101100.08
T0653200,YEMP-101200.01
T0653300,YEMP-101200.02
T0653400,YEMP-101200.03
T0653500,YEMP-101200.04
T0653600,YEMP-101200.05
T0653700,YEMP-101200.06
T0653800,YEMP-101200.07
T0653900,YEMP-101200.08
T1259501,YEMP_STOPDATE.01~M
T1259502,YEMP_STOPDATE.01~Y
T1259601,YEMP_STOPDATE.02~M
T1259602,YEMP_STOPDATE.02~Y
T1259701,YEMP_STOPDATE.03~M
T1259702,YEMP_STOPDATE.03~Y
T1259801,YEMP_STOPDATE.04~M
T1259802,YEMP_STOPDATE.04~Y
T1259901,YEMP_STOPDATE.05~M
T1259902,YEMP_STOPDATE.05~Y
T1260001,YEMP_STOPDATE.06~M
T1260002,YEMP_STOPDATE.06~Y
T1260101,YEMP_STOPDATE.07~M
T1260102,YEMP_STOPDATE.07~Y
T1260201,YEMP_STOPDATE.08~M
T1260202,YEMP_STOPDATE.08~Y
T1277401,YEMP_STARTDATE.01~M
T1277402,YEMP_STARTDATE.01~Y
T1277501,YEMP_STARTDATE.02~M
T1277502,YEMP_STARTDATE.02~Y
T1277601,YEMP_STARTDATE.03~M
T1277602,YEMP_STARTDATE.03~Y
T1277701,YEMP_STARTDATE.04~M
T1277702,YEMP_STARTDATE.04~Y
T1277801,YEMP_STARTDATE.05~M
T1277802,YEMP_STARTDATE.05~Y
T1277901,YEMP_STARTDATE.06~M
T1277902,YEMP_STARTDATE.06~Y
T1278001,YEMP_STARTDATE.07~M
T1278002,YEMP_STARTDATE.07~Y
T1278101,YEMP_STARTDATE.08~M
T1278102,YEMP_STARTDATE.08~Y
T2011100,CV_AGE_INT_DATE
T2016200,CV_INCOME_FAMILY
T2017700,CV_HRLY_PAY.01
T2017800,CV_HRLY_PAY.02
T2017900,CV_HRLY_PAY.03
T2018000,CV_HRLY_PAY.04
T2018100,CV_HRLY_PAY.05
T2018200,CV_HRLY_PAY.06
T2018300,CV_HRLY_PAY.07
T2018400,CV_HRLY_PAY.08
T2021300,CV_URBAN-RURAL
T2440600,YEMP-58500.01
T2440700,YEMP-58500.02
T2440800,YEMP-58500.03
T2440900,YEMP-58500.04
T2441000,YEMP-58500.05
T2441100,YEMP-58500.06
T2441200,YEMP-58500.07
T2441300,YEMP-58500.08
T2680200,YEMP-101100.01
T2680300,YEMP-101100.02
T2680400,YEMP-101100.03
T2680500,YEMP-101100.04
T2680600,YEMP-101100.05
T2680700,YEMP-101100.06
T2680800,YEMP-101100.07
T2680900,YEMP-101100.08
T2692700,YEMP-101200.01
T2692800,YEMP-101200.02
T2692900,YEMP-101200.03
T2693000,YEMP-101200.04
T2693100,YEMP-101200.05
T2693200,YEMP-101200.06
T2693300,YEMP-101200.07
T2693400,YEMP-101200.08
T3346101,YEMP_STOPDATE.01~M
T3346102,YEMP_STOPDATE.01~Y
T3346201,YEMP_STOPDATE.02~M
T3346202,YEMP_STOPDATE.02~Y
T3346301,YEMP_STOPDATE.03~M
T3346302,YEMP_STOPDATE.03~Y
T3346401,YEMP_STOPDATE.04~M
T3346402,YEMP_STOPDATE.04~Y
T3346501,YEMP_STOPDATE.05~M
T3346502,YEMP_STOPDATE.05~Y
T3346601,YEMP_STOPDATE.06~M
T3346602,YEMP_STOPDATE.06~Y
T3346701,YEMP_STOPDATE.07~M
T3346702,YEMP_STOPDATE.07~Y
T3346801,YEMP_STOPDATE.08~M
T3346802,YEMP_STOPDATE.08~Y
T3364901,YEMP_STARTDATE.01~M
T3364902,YEMP_STARTDATE.01~Y
T3365001,YEMP_STARTDATE.02~M
T3365002,YEMP_STARTDATE.02~Y
T3365101,YEMP_STARTDATE.03~M
T3365102,YEMP_STARTDATE.03~Y
T3365201,YEMP_STARTDATE.04~M
T3365202,YEMP_STARTDATE.04~Y
T3365301,YEMP_STARTDATE.05~M
T3365302,YEMP_STARTDATE.05~Y
T3365401,YEMP_STARTDATE.06~M
T3365402,YEMP_STARTDATE.06~Y
T3365501,YEMP_STARTDATE.07~M
T3365502,YEMP_STARTDATE.07~Y
T3365601,YEMP_STARTDATE.08~M
T3365602,YEMP_STARTDATE.08~Y
T3601500,CV_AGE_INT_DATE
T3606500,CV_INCOME_FAMILY
T3608100,CV_HRLY_PAY.01
T3608200,CV_HRLY_PAY.02
T3608300,CV_HRLY_PAY.03
T3608400,CV_HRLY_PAY.04
T3608500,CV_HRLY_PAY.05
T3608600,CV_HRLY_PAY.06
T3608700,CV_HRLY_PAY.07
T3608800,CV_HRLY_PAY.08
T3608900,CV_HRLY_PAY.09
T3612000,CV_URBAN-RURAL
T3945500,YEMP-58500.01
T3945600,YEMP-58500.02
T3945700,YEMP-58500.03
T3945800,YEMP-58500.04
T3945900,YEMP-58500.05
T3946000,YEMP-58500.06
T3946100,YEMP-58500.07
T3946200,YEMP-58500.08
T4164900,YEMP-101100.01
T4165000,YEMP-101100.02
T4165100,YEMP-101100.03
T4165200,YEMP-101100.04
T4165300,YEMP-101100.05
T4165400,YEMP-101100.06
T4165500,YEMP-101100.07
T4165600,YEMP-101100.08
T4165700,YEMP-101100.09
T4178700,YEMP-101200.01
T4178800,YEMP-101200.02
T4178900,YEMP-101200.03
T4179000,YEMP-101200.04
T4179100,YEMP-101200.05
T4179200,YEMP-101200.06
T4179300,YEMP-101200.07
T4179400,YEMP-101200.08
T4179500,YEMP-101200.09
T4764501,YEMP_STOPDATE.01~M
T4764502,YEMP_STOPDATE.01~Y
T4764601,YEMP_STOPDATE.02~M
T4764602,YEMP_STOPDATE.02~Y
T4764701,YEMP_STOPDATE.03~M
T4764702,YEMP_STOPDATE.03~Y
T4764801,YEMP_STOPDATE.04~M
T4764802,YEMP_STOPDATE.04~Y
T4764901,YEMP_STOPDATE.05~M
T4764902,YEMP_STOPDATE.05~Y
T4765001,YEMP_STOPDATE.06~M
T4765002,YEMP_STOPDATE.06~Y
T4765101,YEMP_STOPDATE.07~M
T4765102,YEMP_STOPDATE.07~Y
T4765201,YEMP_STOPDATE.08~M
T4765202,YEMP_STOPDATE.08~Y
T4765301,YEMP_STOPDATE.09~M
T4765302,YEMP_STOPDATE.09~Y
T4782201,YEMP_STARTDATE.01~M
T4782202,YEMP_STARTDATE.01~Y
T4782301,YEMP_STARTDATE.02~M
T4782302,YEMP_STARTDATE.02~Y
T4782401,YEMP_STARTDATE.03~M
T4782402,YEMP_STARTDATE.03~Y
T4782501,YEMP_STARTDATE.04~M
T4782502,YEMP_STARTDATE.04~Y
T4782601,YEMP_STARTDATE.05~M
T4782602,YEMP_STARTDATE.05~Y
T4782701,YEMP_STARTDATE.06~M
T4782702,YEMP_STARTDATE.06~Y
T4782801,YEMP_STARTDATE.07~M
T4782802,YEMP_STARTDATE.07~Y
T4782901,YEMP_STARTDATE.08~M
T4782902,YEMP_STARTDATE.08~Y
T4783001,YEMP_STARTDATE.09~M
T4783002,YEMP_STARTDATE.09~Y
T5201400,CV_AGE_INT_DATE
T5206700,CV_HGC_EVER_EDT
T5206900,CV_INCOME_FAMILY
T5208500,CV_HRLY_PAY.01
T5208600,CV_HRLY_PAY.02
T5208700,CV_HRLY_PAY.03
T5208800,CV_HRLY_PAY.04
T5208900,CV_HRLY_PAY.05
T5209000,CV_HRLY_PAY.06
T5209100,CV_HRLY_PAY.07
T5209200,CV_HRLY_PAY.08
T5209300,CV_HRLY_PAY.09
T5211900,CV_URBAN-RURAL
T5583900,YEMP-58500.01
T5584000,YEMP-58500.02
T5584100,YEMP-58500.03
T5584200,YEMP-58500.04
T5584300,YEMP-58500.05
T5584400,YEMP-58500.06
T5584500,YEMP-58500.07
T5584600,YEMP-58500.08
T5797300,YEMP-101100.01
T5797400,YEMP-101100.02
T5797500,YEMP-101100.03
T5797600,YEMP-101100.04
T5797700,YEMP-101100.05
T5797800,YEMP-101100.06
T5797900,YEMP-101100.07
T5798000,YEMP-101100.08
T5798100,YEMP-101100.09
T5808400,YEMP-101200.01
T5808500,YEMP-101200.02
T5808600,YEMP-101200.03
T5808700,YEMP-101200.04
T5808800,YEMP-101200.05
T5808900,YEMP-101200.06
T5809000,YEMP-101200.07
T5809100,YEMP-101200.08
T5809200,YEMP-101200.09
T6405901,YEMP_STOPDATE.01~M
T6405902,YEMP_STOPDATE.01~Y
T6406001,YEMP_STOPDATE.02~M
T6406002,YEMP_STOPDATE.02~Y
T6406101,YEMP_STOPDATE.03~M
T6406102,YEMP_STOPDATE.03~Y
T6406201,YEMP_STOPDATE.04~M
T6406202,YEMP_STOPDATE.04~Y
T6406301,YEMP_STOPDATE.05~M
T6406302,YEMP_STOPDATE.05~Y
T6406401,YEMP_STOPDATE.06~M
T6406402,YEMP_STOPDATE.06~Y
T6406501,YEMP_STOPDATE.07~M
T6406502,YEMP_STOPDATE.07~Y
T6406601,YEMP_STOPDATE.08~M
T6406602,YEMP_STOPDATE.08~Y
T6406701,YEMP_STOPDATE.09~M
T6406702,YEMP_STOPDATE.09~Y
T6424701,YEMP_STARTDATE.01~M
T6424702,YEMP_STARTDATE.01~Y
T6424801,YEMP_STARTDATE.02~M
T6424802,YEMP_STARTDATE.02~Y
T6424901,YEMP_STARTDATE.03~M
T6424902,YEMP_STARTDATE.03~Y
T6425001,YEMP_STARTDATE.04~M
T6425002,YEMP_STARTDATE.04~Y
T6425101,YEMP_STARTDATE.05~M
T6425102,YEMP_STARTDATE.05~Y
T6425201,YEMP_STARTDATE.06~M
T6425202,YEMP_STARTDATE.06~Y
T6425301,YEMP_STARTDATE.07~M
T6425302,YEMP_STARTDATE.07~Y
T6425401,YEMP_STARTDATE.08~M
T6425402,YEMP_STARTDATE.08~Y
T6425501,YEMP_STARTDATE.09~M
T6425502,YEMP_STARTDATE.09~Y
T6651300,CV_AGE_INT_DATE
T6656500,CV_HGC_EVER_EDT
T6656700,CV_INCOME_FAMILY
T6658700,CV_HRLY_PAY.01
T6658800,CV_HRLY_PAY.02
T6658900,CV_HRLY_PAY.03
T6659000,CV_HRLY_PAY.04
T6659100,CV_HRLY_PAY.05
T6659200,CV_HRLY_PAY.06
T6659300,CV_HRLY_PAY.07
T6659400,CV_HRLY_PAY.08
T6659500,CV_HRLY_PAY.09
T6659600,CV_HRLY_PAY.10
T6659700,CV_HRLY_PAY.11
T6659800,CV_HRLY_PAY.12
T6659900,CV_HRLY_PAY.13
T6663300,CV_URBAN-RURAL
T6983800,YEMP-58500.01
T6983900,YEMP-58500.02
T6984000,YEMP-58500.03
T6984100,YEMP-58500.04
T6984200,YEMP-58500.05
T6984300,YEMP-58500.06
T6984400,YEMP-58500.07
T6984500,YEMP-58500.08
T6984600,YEMP-58500.09
T6984700,YEMP-58500.10
T6984800,YEMP-58500.11
T6984900,YEMP-58500.12
T7231400,YEMP-101100.01
T7231500,YEMP-101100.02
T7231600,YEMP-101100.03
T7231700,YEMP-101100.04
T7231800,YEMP-101100.05
T7231900,YEMP-101100.06
T7232000,YEMP-101100.07
T7232100,YEMP-101100.08
T7232200,YEMP-101100.09
T7232300,YEMP-101100.10
T7232400,YEMP-101100.11
T7232500,YEMP-101100.12
T7242300,YEMP-101200.01
T7242400,YEMP-101200.02
T7242500,YEMP-101200.03
T7242600,YEMP-101200.04
T7242700,YEMP-101200.05
T7242800,YEMP-101200.06
T7242900,YEMP-101200.07
T7243000,YEMP-101200.08
T7243100,YEMP-101200.09
T7243200,YEMP-101200.10
T7243300,YEMP-101200.11
T7243400,YEMP-101200.12
T7243500,YEMP-101200.13
T7906601,YEMP_STOPDATE.01~M
T7906602,YEMP_STOPDATE.01~Y
T7906701,YEMP_STOPDATE.02~M
T7906702,YEMP_STOPDATE.02~Y
T7906801,YEMP_STOPDATE.03~M
T7906802,YEMP_STOPDATE.03~Y
T7906901,YEMP_STOPDATE.04~M
T7906902,YEMP_STOPDATE.04~Y
T7907001,YEMP_STOPDATE.05~M
T7907002,YEMP_STOPDATE.05~Y
T7907101,YEMP_STOPDATE.06~M
T7907102,YEMP_STOPDATE.06~Y
T7907201,YEMP_STOPDATE.07~M
T7907202,YEMP_STOPDATE.07~Y
T7907301,YEMP_STOPDATE.08~M
T7907302,YEMP_STOPDATE.08~Y
T7907401,YEMP_STOPDATE.09~M
T7907402,YEMP_STOPDATE.09~Y
T7907501,YEMP_STOPDATE.10~M
T7907502,YEMP_STOPDATE.10~Y
T7907601,YEMP_STOPDATE.11~M
T7907602,YEMP_STOPDATE.11~Y
T7907701,YEMP_STOPDATE.12~M
T7907702,YEMP_STOPDATE.12~Y
T7907801,YEMP_STOPDATE.13~M
T7907802,YEMP_STOPDATE.13~Y
T7925601,YEMP_STARTDATE.01~M
T7925602,YEMP_STARTDATE.01~Y
T7925701,YEMP_STARTDATE.02~M
T7925702,YEMP_STARTDATE.02~Y
T7925801,YEMP_STARTDATE.03~M
T7925802,YEMP_STARTDATE.03~Y
T7925901,YEMP_STARTDATE.04~M
T7925902,YEMP_STARTDATE.04~Y
T7926001,YEMP_STARTDATE.05~M
T7926002,YEMP_STARTDATE.05~Y
T7926101,YEMP_STARTDATE.06~M
T7926102,YEMP_STARTDATE.06~Y
T7926201,YEMP_STARTDATE.07~M
T7926202,YEMP_STARTDATE.07~Y
T7926301,YEMP_STARTDATE.08~M
T7926302,YEMP_STARTDATE.08~Y
T7926401,YEMP_STARTDATE.09~M
T7926402,YEMP_STARTDATE.09~Y
T7926501,YEMP_STARTDATE.10~M
T7926502,YEMP_STARTDATE.10~Y
T7926601,YEMP_STARTDATE.11~M
T7926602,YEMP_STARTDATE.11~Y
T7926701,YEMP_STARTDATE.12~M
T7926702,YEMP_STARTDATE.12~Y
T7926801,YEMP_STARTDATE.13~M
T7926802,YEMP_STARTDATE.13~Y
T8123600,CV_AGE_INT_DATE
T8128900,CV_HGC_EVER_EDT
T8129100,CV_INCOME_FAMILY
T8130800,CV_HRLY_PAY.01
T8130900,CV_HRLY_PAY.02
T8131000,CV_HRLY_PAY.03
T8131100,CV_HRLY_PAY.04
T8131200,CV_HRLY_PAY.05
T8131300,CV_HRLY_PAY.06
T8131400,CV_HRLY_PAY.07
T8131500,CV_HRLY_PAY.08
T8131600,CV_HRLY_PAY.09
T8131700,CV_HRLY_PAY.10
T8134500,CV_URBAN-RURAL
T8467200,YEMP-58500.01
T8467300,YEMP-58500.02
T8467400,YEMP-58500.03
T8467500,YEMP-58500.04
T8467600,YEMP-58500.05
T8467700,YEMP-58500.06
T8467800,YEMP-58500.07
T8467900,YEMP-58500.08
T8468000,YEMP-58500.09
T8468100,YEMP-58500.10
T8723400,YEMP-101100.01
T8723500,YEMP-101100.02
T8723600,YEMP-101100.03
T8723700,YEMP-101100.04
T8723800,YEMP-101100.05
T8723900,YEMP-101100.06
T8724000,YEMP-101100.07
T8724100,YEMP-101100.08
T8724200,YEMP-101100.09
T8735000,YEMP-101200.01
T8735100,YEMP-101200.02
T8735200,YEMP-101200.03
T8735300,YEMP-101200.04
T8735400,YEMP-101200.05
T8735500,YEMP-101200.06
T8735600,YEMP-101200.07
T8735700,YEMP-101200.08
T8735800,YEMP-101200.09
T9329001,YEMP_STOPDATE.01~M
T9329002,YEMP_STOPDATE.01~Y
T9329101,YEMP_STOPDATE.02~M
T9329102,YEMP_STOPDATE.02~Y
T9329201,YEMP_STOPDATE.03~M
T9329202,YEMP_STOPDATE.03~Y
T9329301,YEMP_STOPDATE.04~M
T9329302,YEMP_STOPDATE.04~Y
T9329401,YEMP_STOPDATE.05~M
T9329402,YEMP_STOPDATE.05~Y
T9329501,YEMP_STOPDATE.06~M
T9329502,YEMP_STOPDATE.06~Y
T9329601,YEMP_STOPDATE.07~M
T9329602,YEMP_STOPDATE.07~Y
T9329701,YEMP_STOPDATE.08~M
T9329702,YEMP_STOPDATE.08~Y
T9329801,YEMP_STOPDATE.09~M
T9329802,YEMP_STOPDATE.09~Y
T9329901,YEMP_STOPDATE.10~M
T9329902,YEMP_STOPDATE.10~Y
T9330001,YEMP_STARTDATE.01~M
T9330002,YEMP_STARTDATE.01~Y
T9330101,YEMP_STARTDATE.02~M
T9330102,YEMP_STARTDATE.02~Y
T9330201,YEMP_STARTDATE.03~M
T9330202,YEMP_STARTDATE.03~Y
T9330301,YEMP_STARTDATE.04~M
T9330302,YEMP_STARTDATE.04~Y
T9330401,YEMP_STARTDATE.05~M
T9330402,YEMP_STARTDATE.05~Y
T9330501,YEMP_STARTDATE.06~M
T9330502,YEMP_STARTDATE.06~Y
T9330601,YEMP_STARTDATE.07~M
T9330602,YEMP_STARTDATE.07~Y
T9330701,YEMP_STARTDATE.08~M
T9330702,YEMP_STARTDATE.08~Y
T9330801,YEMP_STARTDATE.09~M
T9330802,YEMP_STARTDATE.09~Y
T9330901,YEMP_STARTDATE.10~M
T9330902,YEMP_STARTDATE.10~Y
U0001800,CV_AGE_INT_DATE
U0008800,CV_HGC_EVER_EDT
U0008900,CV_INCOME_FAMILY
U0010700,CV_HRLY_PAY.01
U0010800,CV_HRLY_PAY.02
U0010900,CV_HRLY_PAY.03
U0011000,CV_HRLY_PAY.04
U0011100,CV_HRLY_PAY.05
U0011200,CV_HRLY_PAY.06
U0011300,CV_HRLY_PAY.07
U0011400,CV_HRLY_PAY.08
U0011500,CV_HRLY_PAY.09
U0011600,CV_HRLY_PAY.10
U0011700,CV_HRLY_PAY.11
U0011800,CV_HRLY_PAY.12
U0015000,CV_URBAN-RURAL
U0351800,YEMP-58500.01
U0351900,YEMP-58500.02
U0352000,YEMP-58500.03
U0352100,YEMP-58500.04
U0352200,YEMP-58500.05
U0352300,YEMP-58500.06
U0352400,YEMP-58500.07
U0352500,YEMP-58500.08
U0352600,YEMP-58500.09
U0352700,YEMP-58500.10
U0352800,YEMP-58500.11
U0352900,YEMP-58500.12
U0641000,YEMP-101100.01
U0641100,YEMP-101100.02
U0641200,YEMP-101100.03
U0641300,YEMP-101100.04
U0641400,YEMP-101100.05
U0641500,YEMP-101100.06
U0641600,YEMP-101100.07
U0641700,YEMP-101100.08
U0641800,YEMP-101100.09
U0641900,YEMP-101100.10
U0642000,YEMP-101100.11
U0654900,YEMP-101200.01
U0655000,YEMP-101200.02
U0655100,YEMP-101200.03
U0655200,YEMP-101200.04
U0655300,YEMP-101200.05
U0655400,YEMP-101200.06
U0655500,YEMP-101200.07
U0655600,YEMP-101200.08
U0655700,YEMP-101200.09
U0655800,YEMP-101200.10
U0655900,YEMP-101200.11
U1342301,YEMP_STOPDATE.01~M
U1342302,YEMP_STOPDATE.01~Y
U1342401,YEMP_STOPDATE.02~M
U1342402,YEMP_STOPDATE.02~Y
U1342501,YEMP_STOPDATE.03~M
U1342502,YEMP_STOPDATE.03~Y
U1342601,YEMP_STOPDATE.04~M
U1342602,YEMP_STOPDATE.04~Y
U1342701,YEMP_STOPDATE.05~M
U1342702,YEMP_STOPDATE.05~Y
U1342801,YEMP_STOPDATE.06~M
U1342802,YEMP_STOPDATE.06~Y
U1342901,YEMP_STOPDATE.07~M
U1342902,YEMP_STOPDATE.07~Y
U1343001,YEMP_STOPDATE.08~M
U1343002,YEMP_STOPDATE.08~Y
U1343101,YEMP_STOPDATE.09~M
U1343102,YEMP_STOPDATE.09~Y
U1343201,YEMP_STOPDATE.10~M
U1343202,YEMP_STOPDATE.10~Y
U1343301,YEMP_STOPDATE.11~M
U1343302,YEMP_STOPDATE.11~Y
U1343401,YEMP_STOPDATE.12~M
U1343402,YEMP_STOPDATE.12~Y
U1343501,YEMP_STARTDATE.01~M
U1343502,YEMP_STARTDATE.01~Y
U1343601,YEMP_STARTDATE.02~M
U1343602,YEMP_STARTDATE.02~Y
U1343701,YEMP_STARTDATE.03~M
U1343702,YEMP_STARTDATE.03~Y
U1343801,YEMP_STARTDATE.04~M
U1343802,YEMP_STARTDATE.04~Y
U1343901,YEMP_STARTDATE.05~M
U1343902,YEMP_STARTDATE.05~Y
U1344001,YEMP_STARTDATE.06~M
U1344002,YEMP_STARTDATE.06~Y
U1344101,YEMP_STARTDATE.07~M
U1344102,YEMP_STARTDATE.07~Y
U1344201,YEMP_STARTDATE.08~M
U1344202,YEMP_STARTDATE.08~Y
U1344301,YEMP_STARTDATE.09~M
U1344302,YEMP_STARTDATE.09~Y
U1344401,YEMP_STARTDATE.10~M
U1344402,YEMP_STARTDATE.10~Y
U1344501,YEMP_STARTDATE.11~M
U1344502,YEMP_STARTDATE.11~Y
U1344601,YEMP_STARTDATE.12~M
U1344602,YEMP_STARTDATE.12~Y