R0000100,PUBID,PUBID_R0000100
R0171900,COW_YEMP-58500.01,COW_YEMP-58500.01_R0171900
R0172000,COW_YEMP-58500.02,COW_YEMP-58500.02_R0172000
R0172100,COW_YEMP-58500.03,COW_YEMP-58500.03_R0172100
R0172200,COW_YEMP-58500.04,COW_YEMP-58500.04_R0172200
R0172300,COW_YEMP-58500.05,COW_YEMP-58500.05_R0172300
R0172400,COW_YEMP-58500.06,COW_YEMP-58500.06_R0172400
R0172500,COW_YEMP-58500.07,COW_YEMP-58500.07_R0172500
R0244000,UNION_YEMP-101100.01,UNION_YEMP-101100.01_R0244000
R0244100,UNION_YEMP-101100.02,UNION_YEMP-101100.02_R0244100
R0244200,UNION_YEMP-101100.03,UNION_YEMP-101100.03_R0244200
R0244300,UNION_YEMP-101100.04,UNION_YEMP-101100.04_R0244300
R0244400,UNION_YEMP-101100.05,UNION_YEMP-101100.05_R0244400
R0244500,UNION_YEMP-101100.06,UNION_YEMP-101100.06_R0244500
R0244600,UNION_YEMP-101100.07,UNION_YEMP-101100.07_R0244600
R0244700,JOB-SATISFACTION_YEMP-101200.01,JOB-SATISFACTION_YEMP-101200.01_R0244700
R0244800,JOB-SATISFACTION_YEMP-101200.02,JOB-SATISFACTION_YEMP-101200.02_R0244800
R0244900,JOB-SATISFACTION_YEMP-101200.03,JOB-SATISFACTION_YEMP-101200.03_R0244900
R0245000,JOB-SATISFACTION_YEMP-101200.04,JOB-SATISFACTION_YEMP-101200.04_R0245000
R0245100,JOB-SATISFACTION_YEMP-101200.05,JOB-SATISFACTION_YEMP-101200.05_R0245100
R0245200,JOB-SATISFACTION_YEMP-101200.06,JOB-SATISFACTION_YEMP-101200.06_R0245200
R0245300,JOB-SATISFACTION_YEMP-101200.07,JOB-SATISFACTION_YEMP-101200.07_R0245300
R0529701,YEMP_STARTDATE.01_M,YEMP_STARTDATE.01_M_R0529701
R0529702,YEMP_STARTDATE.01_Y,YEMP_STARTDATE.01_Y_R0529702
R0529801,YEMP_STARTDATE.02_M,YEMP_STARTDATE.02_M_R0529801
R0529802,YEMP_STARTDATE.02_Y,YEMP_STARTDATE.02_Y_R0529802
R0529901,YEMP_STARTDATE.03_M,YEMP_STARTDATE.03_M_R0529901
R0529902,YEMP_STARTDATE.03_Y,YEMP_STARTDATE.03_Y_R0529902
R0530001,YEMP_STARTDATE.04_M,YEMP_STARTDATE.04_M_R0530001
R0530002,YEMP_STARTDATE.04_Y,YEMP_STARTDATE.04_Y_R0530002
R0530101,YEMP_STARTDATE.05_M,YEMP_STARTDATE.05_M_R0530101
R0530102,YEMP_STARTDATE.05_Y,YEMP_STARTDATE.05_Y_R0530102
R0530201,YEMP_STARTDATE.06_M,YEMP_STARTDATE.06_M_R0530201
R0530202,YEMP_STARTDATE.06_Y,YEMP_STARTDATE.06_Y_R0530202
R0530301,YEMP_STARTDATE.07_M,YEMP_STARTDATE.07_M_R0530301
R0530302,YEMP_STARTDATE.07_Y,YEMP_STARTDATE.07_Y_R0530302
R0530401,YEMP_STOPDATE.01_M,YEMP_STOPDATE.01_M_R0530401
R0530402,YEMP_STOPDATE.01_Y,YEMP_STOPDATE.01_Y_R0530402
R0530501,YEMP_STOPDATE.02_M,YEMP_STOPDATE.02_M_R0530501
R0530502,YEMP_STOPDATE.02_Y,YEMP_STOPDATE.02_Y_R0530502
R0530601,YEMP_STOPDATE.03_M,YEMP_STOPDATE.03_M_R0530601
R0530602,YEMP_STOPDATE.03_Y,YEMP_STOPDATE.03_Y_R0530602
R0530701,YEMP_STOPDATE.04_M,YEMP_STOPDATE.04_M_R0530701
R0530702,YEMP_STOPDATE.04_Y,YEMP_STOPDATE.04_Y_R0530702
R0530801,YEMP_STOPDATE.05_M,YEMP_STOPDATE.05_M_R0530801
R0530802,YEMP_STOPDATE.05_Y,YEMP_STOPDATE.05_Y_R0530802
R0530901,YEMP_STOPDATE.06_M,YEMP_STOPDATE.06_M_R0530901
R0530902,YEMP_STOPDATE.06_Y,YEMP_STOPDATE.06_Y_R0530902
R0531001,YEMP_STOPDATE.07_M,YEMP_STOPDATE.07_M_R0531001
R0531002,YEMP_STOPDATE.07_Y,YEMP_STOPDATE.07_Y_R0531002
R0536300,KEY!SEX,KEY!SEX_R0536300
R0536401,KEY!BDATE_M,KEY!BDATE_M_R0536401
R0536402,KEY!BDATE_Y,KEY!BDATE_Y_R0536402
R0552200,RELIGION-P2-013,RELIGION-P2-013_R0552200
R1194100,CV_AGE_INT_DATE,CV_AGE_INT_DATE_R1194100
R1204500,CV_INCOME_GROSS_YR,CV_INCOME_GROSS_YR_R1204500
R1208500,CV_HRLY_PAY.01,CV_HRLY_PAY.01_R1208500
R1208600,CV_HRLY_PAY.02,CV_HRLY_PAY.02_R1208600
R1208700,CV_HRLY_PAY.03,CV_HRLY_PAY.03_R1208700
R1208800,CV_HRLY_PAY.04,CV_HRLY_PAY.04_R1208800
R1208900,CV_HRLY_PAY.05,CV_HRLY_PAY.05_R1208900
R1209000,CV_HRLY_PAY.06,CV_HRLY_PAY.06_R1209000
R1209100,CV_HRLY_PAY.07,CV_HRLY_PAY.07_R1209100
R1217500,CV_URBAN-RURAL,CV_URBAN-RURAL_R1217500
R1235800,CV_SAMPLE_TYPE,CV_SAMPLE_TYPE_R1235800
R1482600,KEY!RACE_ETHNICITY,KEY!RACE_ETHNICITY_R1482600
R1846600,COW_YEMP-58500.01,COW_YEMP-58500.01_R1846600
R1846700,COW_YEMP-58500.02,COW_YEMP-58500.02_R1846700
R1846800,COW_YEMP-58500.03,COW_YEMP-58500.03_R1846800
R1846900,COW_YEMP-58500.04,COW_YEMP-58500.04_R1846900
R1847000,COW_YEMP-58500.05,COW_YEMP-58500.05_R1847000
R1847100,COW_YEMP-58500.06,COW_YEMP-58500.06_R1847100
R1847200,COW_YEMP-58500.07,COW_YEMP-58500.07_R1847200
R1847300,COW_YEMP-58500.08,COW_YEMP-58500.08_R1847300
R1847400,COW_YEMP-58500.09,COW_YEMP-58500.09_R1847400
R2050000,UNION_YEMP-101100.01,UNION_YEMP-101100.01_R2050000
R2050100,UNION_YEMP-101100.02,UNION_YEMP-101100.02_R2050100
R2050200,UNION_YEMP-101100.03,UNION_YEMP-101100.03_R2050200
R2050300,UNION_YEMP-101100.04,UNION_YEMP-101100.04_R2050300
R2050400,UNION_YEMP-101100.05,UNION_YEMP-101100.05_R2050400
R2050500,UNION_YEMP-101100.06,UNION_YEMP-101100.06_R2050500
R2050600,UNION_YEMP-101100.07,UNION_YEMP-101100.07_R2050600
R2050700,UNION_YEMP-101100.09,UNION_YEMP-101100.09_R2050700
R2050800,JOB-SATISFACTION_YEMP-101200.01,JOB-SATISFACTION_YEMP-101200.01_R2050800
R2050900,JOB-SATISFACTION_YEMP-101200.02,JOB-SATISFACTION_YEMP-101200.02_R2050900
R2051000,JOB-SATISFACTION_YEMP-101200.03,JOB-SATISFACTION_YEMP-101200.03_R2051000
R2051100,JOB-SATISFACTION_YEMP-101200.04,JOB-SATISFACTION_YEMP-101200.04_R2051100
R2051200,JOB-SATISFACTION_YEMP-101200.05,JOB-SATISFACTION_YEMP-101200.05_R2051200
R2051300,JOB-SATISFACTION_YEMP-101200.06,JOB-SATISFACTION_YEMP-101200.06_R2051300
R2051400,JOB-SATISFACTION_YEMP-101200.07,JOB-SATISFACTION_YEMP-101200.07_R2051400
R2051500,JOB-SATISFACTION_YEMP-101200.09,JOB-SATISFACTION_YEMP-101200.09_R2051500
R2472501,YEMP_STARTDATE.01~M,YEMP_STARTDATE.01~M_R2472501
R2472502,YEMP_STARTDATE.01~Y,YEMP_STARTDATE.01~Y_R2472502
R2472601,YEMP_STARTDATE.02~M,YEMP_STARTDATE.02~M_R2472601
R2472602,YEMP_STARTDATE.02~Y,YEMP_STARTDATE.02~Y_R2472602
R2472701,YEMP_STARTDATE.03~M,YEMP_STARTDATE.03~M_R2472701
R2472702,YEMP_STARTDATE.03~Y,YEMP_STARTDATE.03~Y_R2472702
R2472801,YEMP_STARTDATE.04~M,YEMP_STARTDATE.04~M_R2472801
R2472802,YEMP_STARTDATE.04~Y,YEMP_STARTDATE.04~Y_R2472802
R2472901,YEMP_STARTDATE.05~M,YEMP_STARTDATE.05~M_R2472901
R2472902,YEMP_STARTDATE.05~Y,YEMP_STARTDATE.05~Y_R2472902
R2473001,YEMP_STARTDATE.06~M,YEMP_STARTDATE.06~M_R2473001
R2473002,YEMP_STARTDATE.06~Y,YEMP_STARTDATE.06~Y_R2473002
R2473101,YEMP_STARTDATE.07~M,YEMP_STARTDATE.07~M_R2473101
R2473102,YEMP_STARTDATE.07~Y,YEMP_STARTDATE.07~Y_R2473102
R2473201,YEMP_STARTDATE.08~M,YEMP_STARTDATE.08~M_R2473201
R2473202,YEMP_STARTDATE.08~Y,YEMP_STARTDATE.08~Y_R2473202
R2473301,YEMP_STARTDATE.09~M,YEMP_STARTDATE.09~M_R2473301
R2473302,YEMP_STARTDATE.09~Y,YEMP_STARTDATE.09~Y_R2473302
R2473401,YEMP_STOPDATE.01~M,YEMP_STOPDATE.01~M_R2473401
R2473402,YEMP_STOPDATE.01~Y,YEMP_STOPDATE.01~Y_R2473402
R2473501,YEMP_STOPDATE.02~M,YEMP_STOPDATE.02~M_R2473501
R2473502,YEMP_STOPDATE.02~Y,YEMP_STOPDATE.02~Y_R2473502
R2473601,YEMP_STOPDATE.03~M,YEMP_STOPDATE.03~M_R2473601
R2473602,YEMP_STOPDATE.03~Y,YEMP_STOPDATE.03~Y_R2473602
R2473701,YEMP_STOPDATE.04~M,YEMP_STOPDATE.04~M_R2473701
R2473702,YEMP_STOPDATE.04~Y,YEMP_STOPDATE.04~Y_R2473702
R2473801,YEMP_STOPDATE.05~M,YEMP_STOPDATE.05~M_R2473801
R2473802,YEMP_STOPDATE.05~Y,YEMP_STOPDATE.05~Y_R2473802
R2473901,YEMP_STOPDATE.06~M,YEMP_STOPDATE.06~M_R2473901
R2473902,YEMP_STOPDATE.06~Y,YEMP_STOPDATE.06~Y_R2473902
R2474001,YEMP_STOPDATE.07~M,YEMP_STOPDATE.07~M_R2474001
R2474002,YEMP_STOPDATE.07~Y,YEMP_STOPDATE.07~Y_R2474002
R2474101,YEMP_STOPDATE.08~M,YEMP_STOPDATE.08~M_R2474101
R2474102,YEMP_STOPDATE.08~Y,YEMP_STOPDATE.08~Y_R2474102
R2474201,YEMP_STOPDATE.09~M,YEMP_STOPDATE.09~M_R2474201
R2474202,YEMP_STOPDATE.09~Y,YEMP_STOPDATE.09~Y_R2474202
R2553500,CV_AGE_INT_DATE,CV_AGE_INT_DATE_R2553500
R2563201,HIGHEST-GRADE_9899,HIGHEST-GRADE_9899_R2563201
R2563300,CV_INCOME_GROSS_YR,CV_INCOME_GROSS_YR_R2563300
R2567200,CV_HRLY_PAY.01,CV_HRLY_PAY.01_R2567200
R2567300,CV_HRLY_PAY.02,CV_HRLY_PAY.02_R2567300
R2567400,CV_HRLY_PAY.03,CV_HRLY_PAY.03_R2567400
R2567500,CV_HRLY_PAY.04,CV_HRLY_PAY.04_R2567500
R2567600,CV_HRLY_PAY.05,CV_HRLY_PAY.05_R2567600
R2567700,CV_HRLY_PAY.06,CV_HRLY_PAY.06_R2567700
R2567800,CV_HRLY_PAY.07,CV_HRLY_PAY.07_R2567800
R2567900,CV_HRLY_PAY.08,CV_HRLY_PAY.08_R2567900
R2568000,CV_HRLY_PAY.09,CV_HRLY_PAY.09_R2568000
R2576800,CV_URBAN-RURAL,CV_URBAN-RURAL_R2576800
R3189000,COW_YEMP-58500.01,COW_YEMP-58500.01_R3189000
R3189100,COW_YEMP-58500.02,COW_YEMP-58500.02_R3189100
R3189200,COW_YEMP-58500.03,COW_YEMP-58500.03_R3189200
R3189300,COW_YEMP-58500.04,COW_YEMP-58500.04_R3189300
R3189400,COW_YEMP-58500.05,COW_YEMP-58500.05_R3189400
R3189500,COW_YEMP-58500.06,COW_YEMP-58500.06_R3189500
R3189600,COW_YEMP-58500.07,COW_YEMP-58500.07_R3189600
R3189700,COW_YEMP-58500.08,COW_YEMP-58500.08_R3189700
R3189800,COW_YEMP-58500.09,COW_YEMP-58500.09_R3189800
R3387200,UNION_YEMP-101100.01,UNION_YEMP-101100.01_R3387200
R3387300,UNION_YEMP-101100.02,UNION_YEMP-101100.02_R3387300
R3387400,UNION_YEMP-101100.03,UNION_YEMP-101100.03_R3387400
R3387500,UNION_YEMP-101100.04,UNION_YEMP-101100.04_R3387500
R3387600,UNION_YEMP-101100.05,UNION_YEMP-101100.05_R3387600
R3387700,UNION_YEMP-101100.06,UNION_YEMP-101100.06_R3387700
R3387800,UNION_YEMP-101100.07,UNION_YEMP-101100.07_R3387800
R3387900,UNION_YEMP-101100.09,UNION_YEMP-101100.09_R3387900
R3388000,JOB-SATISFACTION_YEMP-101200.01,JOB-SATISFACTION_YEMP-101200.01_R3388000
R3388100,JOB-SATISFACTION_YEMP-101200.02,JOB-SATISFACTION_YEMP-101200.02_R3388100
R3388200,JOB-SATISFACTION_YEMP-101200.03,JOB-SATISFACTION_YEMP-101200.03_R3388200
R3388300,JOB-SATISFACTION_YEMP-101200.04,JOB-SATISFACTION_YEMP-101200.04_R3388300
R3388400,JOB-SATISFACTION_YEMP-101200.05,JOB-SATISFACTION_YEMP-101200.05_R3388400
R3388500,JOB-SATISFACTION_YEMP-101200.06,JOB-SATISFACTION_YEMP-101200.06_R3388500
R3388600,JOB-SATISFACTION_YEMP-101200.07,JOB-SATISFACTION_YEMP-101200.07_R3388600
R3388700,JOB-SATISFACTION_YEMP-101200.09,JOB-SATISFACTION_YEMP-101200.09_R3388700
R3786401,YEMP_STARTDATE.01~M,YEMP_STARTDATE.01~M_R3786401
R3786402,YEMP_STARTDATE.01~Y,YEMP_STARTDATE.01~Y_R3786402
R3786501,YEMP_STARTDATE.02~M,YEMP_STARTDATE.02~M_R3786501
R3786502,YEMP_STARTDATE.02~Y,YEMP_STARTDATE.02~Y_R3786502
R3786601,YEMP_STARTDATE.03~M,YEMP_STARTDATE.03~M_R3786601
R3786602,YEMP_STARTDATE.03~Y,YEMP_STARTDATE.03~Y_R3786602
R3786701,YEMP_STARTDATE.04~M,YEMP_STARTDATE.04~M_R3786701
R3786702,YEMP_STARTDATE.04~Y,YEMP_STARTDATE.04~Y_R3786702
R3786801,YEMP_STARTDATE.05~M,YEMP_STARTDATE.05~M_R3786801
R3786802,YEMP_STARTDATE.05~Y,YEMP_STARTDATE.05~Y_R3786802
R3786901,YEMP_STARTDATE.06~M,YEMP_STARTDATE.06~M_R3786901
R3786902,YEMP_STARTDATE.06~Y,YEMP_STARTDATE.06~Y_R3786902
R3787001,YEMP_STARTDATE.07~M,YEMP_STARTDATE.07~M_R3787001
R3787002,YEMP_STARTDATE.07~Y,YEMP_STARTDATE.07~Y_R3787002
R3787101,YEMP_STARTDATE.08~M,YEMP_STARTDATE.08~M_R3787101
R3787102,YEMP_STARTDATE.08~Y,YEMP_STARTDATE.08~Y_R3787102
R3787201,YEMP_STARTDATE.09~M,YEMP_STARTDATE.09~M_R3787201
R3787202,YEMP_STARTDATE.09~Y,YEMP_STARTDATE.09~Y_R3787202
R3787301,YEMP_STOPDATE.01~M,YEMP_STOPDATE.01~M_R3787301
R3787302,YEMP_STOPDATE.01~Y,YEMP_STOPDATE.01~Y_R3787302
R3787401,YEMP_STOPDATE.02~M,YEMP_STOPDATE.02~M_R3787401
R3787402,YEMP_STOPDATE.02~Y,YEMP_STOPDATE.02~Y_R3787402
R3787501,YEMP_STOPDATE.03~M,YEMP_STOPDATE.03~M_R3787501
R3787502,YEMP_STOPDATE.03~Y,YEMP_STOPDATE.03~Y_R3787502
R3787601,YEMP_STOPDATE.04~M,YEMP_STOPDATE.04~M_R3787601
R3787602,YEMP_STOPDATE.04~Y,YEMP_STOPDATE.04~Y_R3787602
R3787701,YEMP_STOPDATE.05~M,YEMP_STOPDATE.05~M_R3787701
R3787702,YEMP_STOPDATE.05~Y,YEMP_STOPDATE.05~Y_R3787702
R3787801,YEMP_STOPDATE.06~M,YEMP_STOPDATE.06~M_R3787801
R3787802,YEMP_STOPDATE.06~Y,YEMP_STOPDATE.06~Y_R3787802
R3787901,YEMP_STOPDATE.07~M,YEMP_STOPDATE.07~M_R3787901
R3787902,YEMP_STOPDATE.07~Y,YEMP_STOPDATE.07~Y_R3787902
R3788001,YEMP_STOPDATE.08~M,YEMP_STOPDATE.08~M_R3788001
R3788002,YEMP_STOPDATE.08~Y,YEMP_STOPDATE.08~Y_R3788002
R3788101,YEMP_STOPDATE.09~M,YEMP_STOPDATE.09~M_R3788101
R3788102,YEMP_STOPDATE.09~Y,YEMP_STOPDATE.09~Y_R3788102
R3876300,CV_AGE_INT_DATE,CV_AGE_INT_DATE_R3876300
R3884801,HIGHEST-GRADE_9900,HIGHEST-GRADE_9900_R3884801
R3884900,CV_INCOME_GROSS_YR,CV_INCOME_GROSS_YR_R3884900
R3888900,CV_HRLY_PAY.01,CV_HRLY_PAY.01_R3888900
R3889000,CV_HRLY_PAY.02,CV_HRLY_PAY.02_R3889000
R3889100,CV_HRLY_PAY.03,CV_HRLY_PAY.03_R3889100
R3889200,CV_HRLY_PAY.04,CV_HRLY_PAY.04_R3889200
R3889300,CV_HRLY_PAY.05,CV_HRLY_PAY.05_R3889300
R3889400,CV_HRLY_PAY.06,CV_HRLY_PAY.06_R3889400
R3889500,CV_HRLY_PAY.07,CV_HRLY_PAY.07_R3889500
R3889600,CV_HRLY_PAY.08,CV_HRLY_PAY.08_R3889600
R3889700,CV_HRLY_PAY.09,CV_HRLY_PAY.09_R3889700
R3899100,CV_URBAN-RURAL,CV_URBAN-RURAL_R3899100
R4471400,COW_YEMP-58500.01,COW_YEMP-58500.01_R4471400
R4471500,COW_YEMP-58500.02,COW_YEMP-58500.02_R4471500
R4471600,COW_YEMP-58500.03,COW_YEMP-58500.03_R4471600
R4471700,COW_YEMP-58500.04,COW_YEMP-58500.04_R4471700
R4471800,COW_YEMP-58500.05,COW_YEMP-58500.05_R4471800
R4471900,COW_YEMP-58500.06,COW_YEMP-58500.06_R4471900
R4472000,COW_YEMP-58500.07,COW_YEMP-58500.07_R4472000
R4472100,COW_YEMP-58500.08,COW_YEMP-58500.08_R4472100
R4472200,COW_YEMP-58500.09,COW_YEMP-58500.09_R4472200
R4766800,UNION_YEMP-101100.01,UNION_YEMP-101100.01_R4766800
R4766900,UNION_YEMP-101100.02,UNION_YEMP-101100.02_R4766900
R4767000,UNION_YEMP-101100.03,UNION_YEMP-101100.03_R4767000
R4767100,UNION_YEMP-101100.04,UNION_YEMP-101100.04_R4767100
R4767200,UNION_YEMP-101100.05,UNION_YEMP-101100.05_R4767200
R4767300,UNION_YEMP-101100.06,UNION_YEMP-101100.06_R4767300
R4767400,UNION_YEMP-101100.07,UNION_YEMP-101100.07_R4767400
R4767500,UNION_YEMP-101100.08,UNION_YEMP-101100.08_R4767500
R4767600,UNION_YEMP-101100.09,UNION_YEMP-101100.09_R4767600
R4771900,JOB-SATISFACTION_YEMP-101200.01,JOB-SATISFACTION_YEMP-101200.01_R4771900
R4772000,JOB-SATISFACTION_YEMP-101200.02,JOB-SATISFACTION_YEMP-101200.02_R4772000
R4772100,JOB-SATISFACTION_YEMP-101200.03,JOB-SATISFACTION_YEMP-101200.03_R4772100
R4772200,JOB-SATISFACTION_YEMP-101200.04,JOB-SATISFACTION_YEMP-101200.04_R4772200
R4772300,JOB-SATISFACTION_YEMP-101200.05,JOB-SATISFACTION_YEMP-101200.05_R4772300
R4772400,JOB-SATISFACTION_YEMP-101200.06,JOB-SATISFACTION_YEMP-101200.06_R4772400
R4772500,JOB-SATISFACTION_YEMP-101200.07,JOB-SATISFACTION_YEMP-101200.07_R4772500
R4772600,JOB-SATISFACTION_YEMP-101200.08,JOB-SATISFACTION_YEMP-101200.08_R4772600
R4772700,JOB-SATISFACTION_YEMP-101200.09,JOB-SATISFACTION_YEMP-101200.09_R4772700
R5310101,YEMP_STARTDATE.01~M,YEMP_STARTDATE.01~M_R5310101
R5310102,YEMP_STARTDATE.01~Y,YEMP_STARTDATE.01~Y_R5310102
R5310201,YEMP_STARTDATE.02~M,YEMP_STARTDATE.02~M_R5310201
R5310202,YEMP_STARTDATE.02~Y,YEMP_STARTDATE.02~Y_R5310202
R5310301,YEMP_STARTDATE.03~M,YEMP_STARTDATE.03~M_R5310301
R5310302,YEMP_STARTDATE.03~Y,YEMP_STARTDATE.03~Y_R5310302
R5310401,YEMP_STARTDATE.04~M,YEMP_STARTDATE.04~M_R5310401
R5310402,YEMP_STARTDATE.04~Y,YEMP_STARTDATE.04~Y_R5310402
R5310501,YEMP_STARTDATE.05~M,YEMP_STARTDATE.05~M_R5310501
R5310502,YEMP_STARTDATE.05~Y,YEMP_STARTDATE.05~Y_R5310502
R5310601,YEMP_STARTDATE.06~M,YEMP_STARTDATE.06~M_R5310601
R5310602,YEMP_STARTDATE.06~Y,YEMP_STARTDATE.06~Y_R5310602
R5310701,YEMP_STARTDATE.07~M,YEMP_STARTDATE.07~M_R5310701
R5310702,YEMP_STARTDATE.07~Y,YEMP_STARTDATE.07~Y_R5310702
R5310801,YEMP_STARTDATE.08~M,YEMP_STARTDATE.08~M_R5310801
R5310802,YEMP_STARTDATE.08~Y,YEMP_STARTDATE.08~Y_R5310802
R5310901,YEMP_STARTDATE.09~M,YEMP_STARTDATE.09~M_R5310901
R5310902,YEMP_STARTDATE.09~Y,YEMP_STARTDATE.09~Y_R5310902
R5311001,YEMP_STOPDATE.01~M,YEMP_STOPDATE.01~M_R5311001
R5311002,YEMP_STOPDATE.01~Y,YEMP_STOPDATE.01~Y_R5311002
R5311101,YEMP_STOPDATE.02~M,YEMP_STOPDATE.02~M_R5311101
R5311102,YEMP_STOPDATE.02~Y,YEMP_STOPDATE.02~Y_R5311102
R5311201,YEMP_STOPDATE.03~M,YEMP_STOPDATE.03~M_R5311201
R5311202,YEMP_STOPDATE.03~Y,YEMP_STOPDATE.03~Y_R5311202
R5311301,YEMP_STOPDATE.04~M,YEMP_STOPDATE.04~M_R5311301
R5311302,YEMP_STOPDATE.04~Y,YEMP_STOPDATE.04~Y_R5311302
R5311401,YEMP_STOPDATE.05~M,YEMP_STOPDATE.05~M_R5311401
R5311402,YEMP_STOPDATE.05~Y,YEMP_STOPDATE.05~Y_R5311402
R5311501,YEMP_STOPDATE.06~M,YEMP_STOPDATE.06~M_R5311501
R5311502,YEMP_STOPDATE.06~Y,YEMP_STOPDATE.06~Y_R5311502
R5311601,YEMP_STOPDATE.07~M,YEMP_STOPDATE.07~M_R5311601
R5311602,YEMP_STOPDATE.07~Y,YEMP_STOPDATE.07~Y_R5311602
R5311701,YEMP_STOPDATE.08~M,YEMP_STOPDATE.08~M_R5311701
R5311702,YEMP_STOPDATE.08~Y,YEMP_STOPDATE.08~Y_R5311702
R5311801,YEMP_STOPDATE.09~M,YEMP_STOPDATE.09~M_R5311801
R5311802,YEMP_STOPDATE.09~Y,YEMP_STOPDATE.09~Y_R5311802
R5453700,CV_AGE_INT_DATE,CV_AGE_INT_DATE_R5453700
R5464001,HIGHEST-GRADE_0001,HIGHEST-GRADE_0001_R5464001
R5464100,CV_INCOME_GROSS_YR,CV_INCOME_GROSS_YR_R5464100
R5471000,CV_HRLY_PAY.01,CV_HRLY_PAY.01_R5471000
R5471100,CV_HRLY_PAY.02,CV_HRLY_PAY.02_R5471100
R5471200,CV_HRLY_PAY.03,CV_HRLY_PAY.03_R5471200
R5471300,CV_HRLY_PAY.04,CV_HRLY_PAY.04_R5471300
R5471400,CV_HRLY_PAY.05,CV_HRLY_PAY.05_R5471400
R5471500,CV_HRLY_PAY.06,CV_HRLY_PAY.06_R5471500
R5471600,CV_HRLY_PAY.07,CV_HRLY_PAY.07_R5471600
R5471700,CV_HRLY_PAY.08,CV_HRLY_PAY.08_R5471700
R5471800,CV_HRLY_PAY.09,CV_HRLY_PAY.09_R5471800
R5484100,CV_URBAN-RURAL,CV_URBAN-RURAL_R5484100
R6132100,COW_YEMP-58500.01,COW_YEMP-58500.01_R6132100
R6132200,COW_YEMP-58500.02,COW_YEMP-58500.02_R6132200
R6132300,COW_YEMP-58500.03,COW_YEMP-58500.03_R6132300
R6132400,COW_YEMP-58500.04,COW_YEMP-58500.04_R6132400
R6132500,COW_YEMP-58500.05,COW_YEMP-58500.05_R6132500
R6132600,COW_YEMP-58500.06,COW_YEMP-58500.06_R6132600
R6132700,COW_YEMP-58500.07,COW_YEMP-58500.07_R6132700
R6395500,UNION_YEMP-101100.01,UNION_YEMP-101100.01_R6395500
R6395600,UNION_YEMP-101100.02,UNION_YEMP-101100.02_R6395600
R6395700,UNION_YEMP-101100.03,UNION_YEMP-101100.03_R6395700
R6395800,UNION_YEMP-101100.04,UNION_YEMP-101100.04_R6395800
R6395900,UNION_YEMP-101100.05,UNION_YEMP-101100.05_R6395900
R6396000,UNION_YEMP-101100.06,UNION_YEMP-101100.06_R6396000
R6396100,UNION_YEMP-101100.07,UNION_YEMP-101100.07_R6396100
R6401500,JOB-SATISFACTION_YEMP-101200.01,JOB-SATISFACTION_YEMP-101200.01_R6401500
R6401600,JOB-SATISFACTION_YEMP-101200.02,JOB-SATISFACTION_YEMP-101200.02_R6401600
R6401700,JOB-SATISFACTION_YEMP-101200.03,JOB-SATISFACTION_YEMP-101200.03_R6401700
R6401800,JOB-SATISFACTION_YEMP-101200.04,JOB-SATISFACTION_YEMP-101200.04_R6401800
R6401900,JOB-SATISFACTION_YEMP-101200.05,JOB-SATISFACTION_YEMP-101200.05_R6401900
R6402000,JOB-SATISFACTION_YEMP-101200.06,JOB-SATISFACTION_YEMP-101200.06_R6402000
R6402100,JOB-SATISFACTION_YEMP-101200.07,JOB-SATISFACTION_YEMP-101200.07_R6402100
R7051101,YEMP_STARTDATE.01~M,YEMP_STARTDATE.01~M_R7051101
R7051102,YEMP_STARTDATE.01~Y,YEMP_STARTDATE.01~Y_R7051102
R7051201,YEMP_STARTDATE.02~M,YEMP_STARTDATE.02~M_R7051201
R7051202,YEMP_STARTDATE.02~Y,YEMP_STARTDATE.02~Y_R7051202
R7051301,YEMP_STARTDATE.03~M,YEMP_STARTDATE.03~M_R7051301
R7051302,YEMP_STARTDATE.03~Y,YEMP_STARTDATE.03~Y_R7051302
R7051401,YEMP_STARTDATE.04~M,YEMP_STARTDATE.04~M_R7051401
R7051402,YEMP_STARTDATE.04~Y,YEMP_STARTDATE.04~Y_R7051402
R7051501,YEMP_STARTDATE.05~M,YEMP_STARTDATE.05~M_R7051501
R7051502,YEMP_STARTDATE.05~Y,YEMP_STARTDATE.05~Y_R7051502
R7051601,YEMP_STARTDATE.06~M,YEMP_STARTDATE.06~M_R7051601
R7051602,YEMP_STARTDATE.06~Y,YEMP_STARTDATE.06~Y_R7051602
R7051701,YEMP_STARTDATE.07~M,YEMP_STARTDATE.07~M_R7051701
R7051702,YEMP_STARTDATE.07~Y,YEMP_STARTDATE.07~Y_R7051702
R7051801,YEMP_STARTDATE.08~M,YEMP_STARTDATE.08~M_R7051801
R7051802,YEMP_STARTDATE.08~Y,YEMP_STARTDATE.08~Y_R7051802
R7051901,YEMP_STOPDATE.01~M,YEMP_STOPDATE.01~M_R7051901
R7051902,YEMP_STOPDATE.01~Y,YEMP_STOPDATE.01~Y_R7051902
R7052001,YEMP_STOPDATE.02~M,YEMP_STOPDATE.02~M_R7052001
R7052002,YEMP_STOPDATE.02~Y,YEMP_STOPDATE.02~Y_R7052002
R7052101,YEMP_STOPDATE.03~M,YEMP_STOPDATE.03~M_R7052101
R7052102,YEMP_STOPDATE.03~Y,YEMP_STOPDATE.03~Y_R7052102
R7052201,YEMP_STOPDATE.04~M,YEMP_STOPDATE.04~M_R7052201
R7052202,YEMP_STOPDATE.04~Y,YEMP_STOPDATE.04~Y_R7052202
R7052301,YEMP_STOPDATE.05~M,YEMP_STOPDATE.05~M_R7052301
R7052302,YEMP_STOPDATE.05~Y,YEMP_STOPDATE.05~Y_R7052302
R7052401,YEMP_STOPDATE.06~M,YEMP_STOPDATE.06~M_R7052401
R7052402,YEMP_STOPDATE.06~Y,YEMP_STOPDATE.06~Y_R7052402
R7052501,YEMP_STOPDATE.07~M,YEMP_STOPDATE.07~M_R7052501
R7052502,YEMP_STOPDATE.07~Y,YEMP_STOPDATE.07~Y_R7052502
R7052601,YEMP_STOPDATE.08~M,YEMP_STOPDATE.08~M_R7052601
R7052602,YEMP_STOPDATE.08~Y,YEMP_STOPDATE.08~Y_R7052602
R7216000,CV_AGE_INT_DATE,CV_AGE_INT_DATE_R7216000
R7227701,HIGHEST-GRADE_0102,HIGHEST-GRADE_0102_R7227701
R7227800,CV_INCOME_GROSS_YR,CV_INCOME_GROSS_YR_R7227800
R7234900,CV_HRLY_PAY.01,CV_HRLY_PAY.01_R7234900
R7235000,CV_HRLY_PAY.02,CV_HRLY_PAY.02_R7235000
R7235100,CV_HRLY_PAY.03,CV_HRLY_PAY.03_R7235100
R7235200,CV_HRLY_PAY.04,CV_HRLY_PAY.04_R7235200
R7235300,CV_HRLY_PAY.05,CV_HRLY_PAY.05_R7235300
R7235400,CV_HRLY_PAY.06,CV_HRLY_PAY.06_R7235400
R7235500,CV_HRLY_PAY.07,CV_HRLY_PAY.07_R7235500
R7235600,CV_HRLY_PAY.08,CV_HRLY_PAY.08_R7235600
R7248400,CV_URBAN-RURAL,CV_URBAN-RURAL_R7248400
S0527800,COW_YEMP-58500.01,COW_YEMP-58500.01_S0527800
S0527900,COW_YEMP-58500.02,COW_YEMP-58500.02_S0527900
S0528000,COW_YEMP-58500.03,COW_YEMP-58500.03_S0528000
S0528100,COW_YEMP-58500.04,COW_YEMP-58500.04_S0528100
S0528200,COW_YEMP-58500.05,COW_YEMP-58500.05_S0528200
S0528300,COW_YEMP-58500.06,COW_YEMP-58500.06_S0528300
S0528400,COW_YEMP-58500.07,COW_YEMP-58500.07_S0528400
S0528500,COW_YEMP-58500.08,COW_YEMP-58500.08_S0528500
S0528600,COW_YEMP-58500.09,COW_YEMP-58500.09_S0528600
S0528700,COW_YEMP-58500.10,COW_YEMP-58500.10_S0528700
S0528800,COW_YEMP-58500.11,COW_YEMP-58500.11_S0528800
S0822300,UNION_YEMP-101100.01,UNION_YEMP-101100.01_S0822300
S0822400,UNION_YEMP-101100.02,UNION_YEMP-101100.02_S0822400
S0822500,UNION_YEMP-101100.03,UNION_YEMP-101100.03_S0822500
S0822600,UNION_YEMP-101100.04,UNION_YEMP-101100.04_S0822600
S0822700,UNION_YEMP-101100.05,UNION_YEMP-101100.05_S0822700
S0822800,UNION_YEMP-101100.06,UNION_YEMP-101100.06_S0822800
S0822900,UNION_YEMP-101100.07,UNION_YEMP-101100.07_S0822900
S0823000,UNION_YEMP-101100.08,UNION_YEMP-101100.08_S0823000
S0823100,UNION_YEMP-101100.09,UNION_YEMP-101100.09_S0823100
S0823200,UNION_YEMP-101100.11,UNION_YEMP-101100.11_S0823200
S0829000,JOB-SATISFACTION_YEMP-101200.01,JOB-SATISFACTION_YEMP-101200.01_S0829000
S0829100,JOB-SATISFACTION_YEMP-101200.02,JOB-SATISFACTION_YEMP-101200.02_S0829100
S0829200,JOB-SATISFACTION_YEMP-101200.03,JOB-SATISFACTION_YEMP-101200.03_S0829200
S0829300,JOB-SATISFACTION_YEMP-101200.04,JOB-SATISFACTION_YEMP-101200.04_S0829300
S0829400,JOB-SATISFACTION_YEMP-101200.05,JOB-SATISFACTION_YEMP-101200.05_S0829400
S0829500,JOB-SATISFACTION_YEMP-101200.06,JOB-SATISFACTION_YEMP-101200.06_S0829500
S0829600,JOB-SATISFACTION_YEMP-101200.07,JOB-SATISFACTION_YEMP-101200.07_S0829600
S0829700,JOB-SATISFACTION_YEMP-101200.08,JOB-SATISFACTION_YEMP-101200.08_S0829700
S0829800,JOB-SATISFACTION_YEMP-101200.09,JOB-SATISFACTION_YEMP-101200.09_S0829800
S0829900,JOB-SATISFACTION_YEMP-101200.11,JOB-SATISFACTION_YEMP-101200.11_S0829900
S1521001,YEMP_STARTDATE.01~M,YEMP_STARTDATE.01~M_S1521001
S1521002,YEMP_STARTDATE.01~Y,YEMP_STARTDATE.01~Y_S1521002
S1521101,YEMP_STARTDATE.02~M,YEMP_STARTDATE.02~M_S1521101
S1521102,YEMP_STARTDATE.02~Y,YEMP_STARTDATE.02~Y_S1521102
S1521201,YEMP_STARTDATE.03~M,YEMP_STARTDATE.03~M_S1521201
S1521202,YEMP_STARTDATE.03~Y,YEMP_STARTDATE.03~Y_S1521202
S1521301,YEMP_STARTDATE.04~M,YEMP_STARTDATE.04~M_S1521301
S1521302,YEMP_STARTDATE.04~Y,YEMP_STARTDATE.04~Y_S1521302
S1521401,YEMP_STARTDATE.05~M,YEMP_STARTDATE.05~M_S1521401
S1521402,YEMP_STARTDATE.05~Y,YEMP_STARTDATE.05~Y_S1521402
S1521501,YEMP_STARTDATE.06~M,YEMP_STARTDATE.06~M_S1521501
S1521502,YEMP_STARTDATE.06~Y,YEMP_STARTDATE.06~Y_S1521502
S1521601,YEMP_STARTDATE.07~M,YEMP_STARTDATE.07~M_S1521601
S1521602,YEMP_STARTDATE.07~Y,YEMP_STARTDATE.07~Y_S1521602
S1521701,YEMP_STARTDATE.08~M,YEMP_STARTDATE.08~M_S1521701
S1521702,YEMP_STARTDATE.08~Y,YEMP_STARTDATE.08~Y_S1521702
S1521801,YEMP_STARTDATE.09~M,YEMP_STARTDATE.09~M_S1521801
S1521802,YEMP_STARTDATE.09~Y,YEMP_STARTDATE.09~Y_S1521802
S1521901,YEMP_STARTDATE.10~M,YEMP_STARTDATE.10~M_S1521901
S1521902,YEMP_STARTDATE.10~Y,YEMP_STARTDATE.10~Y_S1521902
S1522001,YEMP_STARTDATE.11~M,YEMP_STARTDATE.11~M_S1522001
S1522002,YEMP_STARTDATE.11~Y,YEMP_STARTDATE.11~Y_S1522002
S1522101,YEMP_STOPDATE.01~M,YEMP_STOPDATE.01~M_S1522101
S1522102,YEMP_STOPDATE.01~Y,YEMP_STOPDATE.01~Y_S1522102
S1522201,YEMP_STOPDATE.02~M,YEMP_STOPDATE.02~M_S1522201
S1522202,YEMP_STOPDATE.02~Y,YEMP_STOPDATE.02~Y_S1522202
S1522301,YEMP_STOPDATE.03~M,YEMP_STOPDATE.03~M_S1522301
S1522302,YEMP_STOPDATE.03~Y,YEMP_STOPDATE.03~Y_S1522302
S1522401,YEMP_STOPDATE.04~M,YEMP_STOPDATE.04~M_S1522401
S1522402,YEMP_STOPDATE.04~Y,YEMP_STOPDATE.04~Y_S1522402
S1522501,YEMP_STOPDATE.05~M,YEMP_STOPDATE.05~M_S1522501
S1522502,YEMP_STOPDATE.05~Y,YEMP_STOPDATE.05~Y_S1522502
S1522601,YEMP_STOPDATE.06~M,YEMP_STOPDATE.06~M_S1522601
S1522602,YEMP_STOPDATE.06~Y,YEMP_STOPDATE.06~Y_S1522602
S1522701,YEMP_STOPDATE.07~M,YEMP_STOPDATE.07~M_S1522701
S1522702,YEMP_STOPDATE.07~Y,YEMP_STOPDATE.07~Y_S1522702
S1522801,YEMP_STOPDATE.08~M,YEMP_STOPDATE.08~M_S1522801
S1522802,YEMP_STOPDATE.08~Y,YEMP_STOPDATE.08~Y_S1522802
S1522901,YEMP_STOPDATE.09~M,YEMP_STOPDATE.09~M_S1522901
S1522902,YEMP_STOPDATE.09~Y,YEMP_STOPDATE.09~Y_S1522902
S1523001,YEMP_STOPDATE.10~M,YEMP_STOPDATE.10~M_S1523001
S1523002,YEMP_STOPDATE.10~Y,YEMP_STOPDATE.10~Y_S1523002
S1523101,YEMP_STOPDATE.11~M,YEMP_STOPDATE.11~M_S1523101
S1523102,YEMP_STOPDATE.11~Y,YEMP_STOPDATE.11~Y_S1523102
S1531400,CV_AGE_INT_DATE,CV_AGE_INT_DATE_S1531400
S1541601,HIGHEST-GRADE_0203,HIGHEST-GRADE_0203_S1541601
S1541700,CV_INCOME_GROSS_YR,CV_INCOME_GROSS_YR_S1541700
S1549400,CV_HRLY_PAY.01,CV_HRLY_PAY.01_S1549400
S1549500,CV_HRLY_PAY.02,CV_HRLY_PAY.02_S1549500
S1549600,CV_HRLY_PAY.03,CV_HRLY_PAY.03_S1549600
S1549700,CV_HRLY_PAY.04,CV_HRLY_PAY.04_S1549700
S1549800,CV_HRLY_PAY.05,CV_HRLY_PAY.05_S1549800
S1549900,CV_HRLY_PAY.06,CV_HRLY_PAY.06_S1549900
S1550000,CV_HRLY_PAY.07,CV_HRLY_PAY.07_S1550000
S1550100,CV_HRLY_PAY.08,CV_HRLY_PAY.08_S1550100
S1550200,CV_HRLY_PAY.09,CV_HRLY_PAY.09_S1550200
S1550300,CV_HRLY_PAY.10,CV_HRLY_PAY.10_S1550300
S1550400,CV_HRLY_PAY.11,CV_HRLY_PAY.11_S1550400
S1564300,CV_URBAN-RURAL,CV_URBAN-RURAL_S1564300
S2001000,CV_AGE_INT_DATE,CV_AGE_INT_DATE_S2001000
S2011401,HIGHEST-GRADE_0304,HIGHEST-GRADE_0304_S2011401
S2011500,CV_INCOME_GROSS_YR,CV_INCOME_GROSS_YR_S2011500
S2019400,CV_HRLY_PAY.01,CV_HRLY_PAY.01_S2019400
S2019500,CV_HRLY_PAY.02,CV_HRLY_PAY.02_S2019500
S2019600,CV_HRLY_PAY.03,CV_HRLY_PAY.03_S2019600
S2019700,CV_HRLY_PAY.04,CV_HRLY_PAY.04_S2019700
S2019800,CV_HRLY_PAY.05,CV_HRLY_PAY.05_S2019800
S2019900,CV_HRLY_PAY.06,CV_HRLY_PAY.06_S2019900
S2020000,CV_HRLY_PAY.07,CV_HRLY_PAY.07_S2020000
S2020100,CV_HRLY_PAY.08,CV_HRLY_PAY.08_S2020100
S2020200,CV_HRLY_PAY.09,CV_HRLY_PAY.09_S2020200
S2020300,CV_HRLY_PAY.10,CV_HRLY_PAY.10_S2020300
S2034400,CV_URBAN-RURAL,CV_URBAN-RURAL_S2034400
S2605700,COW_YEMP-58500.01,COW_YEMP-58500.01_S2605700
S2605800,COW_YEMP-58500.02,COW_YEMP-58500.02_S2605800
S2605900,COW_YEMP-58500.03,COW_YEMP-58500.03_S2605900
S2606000,COW_YEMP-58500.04,COW_YEMP-58500.04_S2606000
S2606100,COW_YEMP-58500.05,COW_YEMP-58500.05_S2606100
S2606200,COW_YEMP-58500.06,COW_YEMP-58500.06_S2606200
S2606300,COW_YEMP-58500.07,COW_YEMP-58500.07_S2606300
S2606400,COW_YEMP-58500.08,COW_YEMP-58500.08_S2606400
S2606500,COW_YEMP-58500.09,COW_YEMP-58500.09_S2606500
S2887000,UNION_YEMP-101100.01,UNION_YEMP-101100.01_S2887000
S2887100,UNION_YEMP-101100.02,UNION_YEMP-101100.02_S2887100
S2887200,UNION_YEMP-101100.03,UNION_YEMP-101100.03_S2887200
S2887300,UNION_YEMP-101100.04,UNION_YEMP-101100.04_S2887300
S2887400,UNION_YEMP-101100.05,UNION_YEMP-101100.05_S2887400
S2887500,UNION_YEMP-101100.06,UNION_YEMP-101100.06_S2887500
S2887600,UNION_YEMP-101100.07,UNION_YEMP-101100.07_S2887600
S2887700,UNION_YEMP-101100.08,UNION_YEMP-101100.08_S2887700
S2887800,UNION_YEMP-101100.09,UNION_YEMP-101100.09_S2887800
S2887900,UNION_YEMP-101100.10,UNION_YEMP-101100.10_S2887900
S2894400,JOB-SATISFACTION_YEMP-101200.01,JOB-SATISFACTION_YEMP-101200.01_S2894400
S2894500,JOB-SATISFACTION_YEMP-101200.02,JOB-SATISFACTION_YEMP-101200.02_S2894500
S2894600,JOB-SATISFACTION_YEMP-101200.03,JOB-SATISFACTION_YEMP-101200.03_S2894600
S2894700,JOB-SATISFACTION_YEMP-101200.04,JOB-SATISFACTION_YEMP-101200.04_S2894700
S2894800,JOB-SATISFACTION_YEMP-101200.05,JOB-SATISFACTION_YEMP-101200.05_S2894800
S2894900,JOB-SATISFACTION_YEMP-101200.06,JOB-SATISFACTION_YEMP-101200.06_S2894900
S2895000,JOB-SATISFACTION_YEMP-101200.07,JOB-SATISFACTION_YEMP-101200.07_S2895000
S2895100,JOB-SATISFACTION_YEMP-101200.08,JOB-SATISFACTION_YEMP-101200.08_S2895100
S2895200,JOB-SATISFACTION_YEMP-101200.09,JOB-SATISFACTION_YEMP-101200.09_S2895200
S2895300,JOB-SATISFACTION_YEMP-101200.10,JOB-SATISFACTION_YEMP-101200.10_S2895300
S3586901,YEMP_STARTDATE.01~M,YEMP_STARTDATE.01~M_S3586901
S3586902,YEMP_STARTDATE.01~Y,YEMP_STARTDATE.01~Y_S3586902
S3587001,YEMP_STARTDATE.02~M,YEMP_STARTDATE.02~M_S3587001
S3587002,YEMP_STARTDATE.02~Y,YEMP_STARTDATE.02~Y_S3587002
S3587101,YEMP_STARTDATE.03~M,YEMP_STARTDATE.03~M_S3587101
S3587102,YEMP_STARTDATE.03~Y,YEMP_STARTDATE.03~Y_S3587102
S3587201,YEMP_STARTDATE.04~M,YEMP_STARTDATE.04~M_S3587201
S3587202,YEMP_STARTDATE.04~Y,YEMP_STARTDATE.04~Y_S3587202
S3587301,YEMP_STARTDATE.05~M,YEMP_STARTDATE.05~M_S3587301
S3587302,YEMP_STARTDATE.05~Y,YEMP_STARTDATE.05~Y_S3587302
S3587401,YEMP_STARTDATE.06~M,YEMP_STARTDATE.06~M_S3587401
S3587402,YEMP_STARTDATE.06~Y,YEMP_STARTDATE.06~Y_S3587402
S3587501,YEMP_STARTDATE.07~M,YEMP_STARTDATE.07~M_S3587501
S3587502,YEMP_STARTDATE.07~Y,YEMP_STARTDATE.07~Y_S3587502
S3587601,YEMP_STARTDATE.08~M,YEMP_STARTDATE.08~M_S3587601
S3587602,YEMP_STARTDATE.08~Y,YEMP_STARTDATE.08~Y_S3587602
S3587701,YEMP_STARTDATE.09~M,YEMP_STARTDATE.09~M_S3587701
S3587702,YEMP_STARTDATE.09~Y,YEMP_STARTDATE.09~Y_S3587702
S3587801,YEMP_STARTDATE.10~M,YEMP_STARTDATE.10~M_S3587801
S3587802,YEMP_STARTDATE.10~Y,YEMP_STARTDATE.10~Y_S3587802
S3587901,YEMP_STOPDATE.01~M,YEMP_STOPDATE.01~M_S3587901
S3587902,YEMP_STOPDATE.01~Y,YEMP_STOPDATE.01~Y_S3587902
S3588001,YEMP_STOPDATE.02~M,YEMP_STOPDATE.02~M_S3588001
S3588002,YEMP_STOPDATE.02~Y,YEMP_STOPDATE.02~Y_S3588002
S3588101,YEMP_STOPDATE.03~M,YEMP_STOPDATE.03~M_S3588101
S3588102,YEMP_STOPDATE.03~Y,YEMP_STOPDATE.03~Y_S3588102
S3588201,YEMP_STOPDATE.04~M,YEMP_STOPDATE.04~M_S3588201
S3588202,YEMP_STOPDATE.04~Y,YEMP_STOPDATE.04~Y_S3588202
S3588301,YEMP_STOPDATE.05~M,YEMP_STOPDATE.05~M_S3588301
S3588302,YEMP_STOPDATE.05~Y,YEMP_STOPDATE.05~Y_S3588302
S3588401,YEMP_STOPDATE.06~M,YEMP_STOPDATE.06~M_S3588401
S3588402,YEMP_STOPDATE.06~Y,YEMP_STOPDATE.06~Y_S3588402
S3588501,YEMP_STOPDATE.07~M,YEMP_STOPDATE.07~M_S3588501
S3588502,YEMP_STOPDATE.07~Y,YEMP_STOPDATE.07~Y_S3588502
S3588601,YEMP_STOPDATE.08~M,YEMP_STOPDATE.08~M_S3588601
S3588602,YEMP_STOPDATE.08~Y,YEMP_STOPDATE.08~Y_S3588602
S3588701,YEMP_STOPDATE.09~M,YEMP_STOPDATE.09~M_S3588701
S3588702,YEMP_STOPDATE.09~Y,YEMP_STOPDATE.09~Y_S3588702
S3588801,YEMP_STOPDATE.10~M,YEMP_STOPDATE.10~M_S3588801
S3588802,YEMP_STOPDATE.10~Y,YEMP_STOPDATE.10~Y_S3588802
S3801100,CV_AGE_INT_DATE,CV_AGE_INT_DATE_S3801100
S3812301,HIGHEST-GRADE_0405,HIGHEST-GRADE_0405_S3812301
S3812400,CV_INCOME_FAMILY,CV_INCOME_FAMILY_S3812400
S3820900,CV_HRLY_PAY.01,CV_HRLY_PAY.01_S3820900
S3821000,CV_HRLY_PAY.02,CV_HRLY_PAY.02_S3821000
S3821100,CV_HRLY_PAY.03,CV_HRLY_PAY.03_S3821100
S3821200,CV_HRLY_PAY.04,CV_HRLY_PAY.04_S3821200
S3821300,CV_HRLY_PAY.05,CV_HRLY_PAY.05_S3821300
S3821400,CV_HRLY_PAY.06,CV_HRLY_PAY.06_S3821400
S3821500,CV_HRLY_PAY.07,CV_HRLY_PAY.07_S3821500
S3835800,CV_URBAN-RURAL,CV_URBAN-RURAL_S3835800
S4340700,COW_YEMP-58500.01,COW_YEMP-58500.01_S4340700
S4340800,COW_YEMP-58500.02,COW_YEMP-58500.02_S4340800
S4340900,COW_YEMP-58500.03,COW_YEMP-58500.03_S4340900
S4341000,COW_YEMP-58500.04,COW_YEMP-58500.04_S4341000
S4341100,COW_YEMP-58500.05,COW_YEMP-58500.05_S4341100
S4341200,COW_YEMP-58500.06,COW_YEMP-58500.06_S4341200
S4341300,COW_YEMP-58500.07,COW_YEMP-58500.07_S4341300
S4597000,UNION_YEMP-101100.01,UNION_YEMP-101100.01_S4597000
S4597100,UNION_YEMP-101100.02,UNION_YEMP-101100.02_S4597100
S4597200,UNION_YEMP-101100.03,UNION_YEMP-101100.03_S4597200
S4597300,UNION_YEMP-101100.04,UNION_YEMP-101100.04_S4597300
S4597400,UNION_YEMP-101100.05,UNION_YEMP-101100.05_S4597400
S4597500,UNION_YEMP-101100.06,UNION_YEMP-101100.06_S4597500
S4597600,UNION_YEMP-101100.07,UNION_YEMP-101100.07_S4597600
S4602900,JOB-SATISFACTION_YEMP-101200.01,JOB-SATISFACTION_YEMP-101200.01_S4602900
S4603000,JOB-SATISFACTION_YEMP-101200.02,JOB-SATISFACTION_YEMP-101200.02_S4603000
S4603100,JOB-SATISFACTION_YEMP-101200.03,JOB-SATISFACTION_YEMP-101200.03_S4603100
S4603200,JOB-SATISFACTION_YEMP-101200.04,JOB-SATISFACTION_YEMP-101200.04_S4603200
S4603300,JOB-SATISFACTION_YEMP-101200.05,JOB-SATISFACTION_YEMP-101200.05_S4603300
S4603400,JOB-SATISFACTION_YEMP-101200.06,JOB-SATISFACTION_YEMP-101200.06_S4603400
S4603500,JOB-SATISFACTION_YEMP-101200.07,JOB-SATISFACTION_YEMP-101200.07_S4603500
S5113901,YEMP_STOPDATE.01~M,YEMP_STOPDATE.01~M_S5113901
S5113902,YEMP_STOPDATE.01~Y,YEMP_STOPDATE.01~Y_S5113902
S5114001,YEMP_STOPDATE.02~M,YEMP_STOPDATE.02~M_S5114001
S5114002,YEMP_STOPDATE.02~Y,YEMP_STOPDATE.02~Y_S5114002
S5114101,YEMP_STOPDATE.03~M,YEMP_STOPDATE.03~M_S5114101
S5114102,YEMP_STOPDATE.03~Y,YEMP_STOPDATE.03~Y_S5114102
S5114201,YEMP_STOPDATE.04~M,YEMP_STOPDATE.04~M_S5114201
S5114202,YEMP_STOPDATE.04~Y,YEMP_STOPDATE.04~Y_S5114202
S5114301,YEMP_STOPDATE.05~M,YEMP_STOPDATE.05~M_S5114301
S5114302,YEMP_STOPDATE.05~Y,YEMP_STOPDATE.05~Y_S5114302
S5114401,YEMP_STOPDATE.06~M,YEMP_STOPDATE.06~M_S5114401
S5114402,YEMP_STOPDATE.06~Y,YEMP_STOPDATE.06~Y_S5114402
S5114501,YEMP_STOPDATE.07~M,YEMP_STOPDATE.07~M_S5114501
S5114502,YEMP_STOPDATE.07~Y,YEMP_STOPDATE.07~Y_S5114502
S5128901,YEMP_STARTDATE.01~M,YEMP_STARTDATE.01~M_S5128901
S5128902,YEMP_STARTDATE.01~Y,YEMP_STARTDATE.01~Y_S5128902
S5129001,YEMP_STARTDATE.02~M,YEMP_STARTDATE.02~M_S5129001
S5129002,YEMP_STARTDATE.02~Y,YEMP_STARTDATE.02~Y_S5129002
S5129101,YEMP_STARTDATE.03~M,YEMP_STARTDATE.03~M_S5129101
S5129102,YEMP_STARTDATE.03~Y,YEMP_STARTDATE.03~Y_S5129102
S5129201,YEMP_STARTDATE.04~M,YEMP_STARTDATE.04~M_S5129201
S5129202,YEMP_STARTDATE.04~Y,YEMP_STARTDATE.04~Y_S5129202
S5129301,YEMP_STARTDATE.05~M,YEMP_STARTDATE.05~M_S5129301
S5129302,YEMP_STARTDATE.05~Y,YEMP_STARTDATE.05~Y_S5129302
S5129401,YEMP_STARTDATE.06~M,YEMP_STARTDATE.06~M_S5129401
S5129402,YEMP_STARTDATE.06~Y,YEMP_STARTDATE.06~Y_S5129402
S5129501,YEMP_STARTDATE.07~M,YEMP_STARTDATE.07~M_S5129501
S5129502,YEMP_STARTDATE.07~Y,YEMP_STARTDATE.07~Y_S5129502
S5401000,CV_AGE_INT_DATE,CV_AGE_INT_DATE_S5401000
S5412800,CV_INCOME_FAMILY,CV_INCOME_FAMILY_S5412800
S5421000,CV_HRLY_PAY.01,CV_HRLY_PAY.01_S5421000
S5421100,CV_HRLY_PAY.02,CV_HRLY_PAY.02_S5421100
S5421200,CV_HRLY_PAY.03,CV_HRLY_PAY.03_S5421200
S5421300,CV_HRLY_PAY.04,CV_HRLY_PAY.04_S5421300
S5421400,CV_HRLY_PAY.05,CV_HRLY_PAY.05_S5421400
S5421500,CV_HRLY_PAY.06,CV_HRLY_PAY.06_S5421500
S5421600,CV_HRLY_PAY.07,CV_HRLY_PAY.07_S5421600
S5421700,CV_HRLY_PAY.08,CV_HRLY_PAY.08_S5421700
S5421800,CV_HRLY_PAY.09,CV_HRLY_PAY.09_S5421800
S5436300,CV_URBAN-RURAL,CV_URBAN-RURAL_S5436300
S5931500,COW_YEMP-58500.01,COW_YEMP-58500.01_S5931500
S5931600,COW_YEMP-58500.02,COW_YEMP-58500.02_S5931600
S5931700,COW_YEMP-58500.03,COW_YEMP-58500.03_S5931700
S5931800,COW_YEMP-58500.04,COW_YEMP-58500.04_S5931800
S5931900,COW_YEMP-58500.05,COW_YEMP-58500.05_S5931900
S5932000,COW_YEMP-58500.06,COW_YEMP-58500.06_S5932000
S5932100,COW_YEMP-58500.07,COW_YEMP-58500.07_S5932100
S5932200,COW_YEMP-58500.08,COW_YEMP-58500.08_S5932200
S6209000,UNION_YEMP-101100.01,UNION_YEMP-101100.01_S6209000
S6209100,UNION_YEMP-101100.02,UNION_YEMP-101100.02_S6209100
S6209200,UNION_YEMP-101100.03,UNION_YEMP-101100.03_S6209200
S6209300,UNION_YEMP-101100.04,UNION_YEMP-101100.04_S6209300
S6209400,UNION_YEMP-101100.05,UNION_YEMP-101100.05_S6209400
S6209500,UNION_YEMP-101100.06,UNION_YEMP-101100.06_S6209500
S6209600,UNION_YEMP-101100.07,UNION_YEMP-101100.07_S6209600
S6209700,UNION_YEMP-101100.08,UNION_YEMP-101100.08_S6209700
S6209800,UNION_YEMP-101100.09,UNION_YEMP-101100.09_S6209800
S6222100,JOB-SATISFACTION_YEMP-101200.01,JOB-SATISFACTION_YEMP-101200.01_S6222100
S6222200,JOB-SATISFACTION_YEMP-101200.02,JOB-SATISFACTION_YEMP-101200.02_S6222200
S6222300,JOB-SATISFACTION_YEMP-101200.03,JOB-SATISFACTION_YEMP-101200.03_S6222300
S6222400,JOB-SATISFACTION_YEMP-101200.04,JOB-SATISFACTION_YEMP-101200.04_S6222400
S6222500,JOB-SATISFACTION_YEMP-101200.05,JOB-SATISFACTION_YEMP-101200.05_S6222500
S6222600,JOB-SATISFACTION_YEMP-101200.06,JOB-SATISFACTION_YEMP-101200.06_S6222600
S6222700,JOB-SATISFACTION_YEMP-101200.07,JOB-SATISFACTION_YEMP-101200.07_S6222700
S6222800,JOB-SATISFACTION_YEMP-101200.08,JOB-SATISFACTION_YEMP-101200.08_S6222800
S6222900,JOB-SATISFACTION_YEMP-101200.09,JOB-SATISFACTION_YEMP-101200.09_S6222900
S6862301,YEMP_STOPDATE.01~M,YEMP_STOPDATE.01~M_S6862301
S6862302,YEMP_STOPDATE.01~Y,YEMP_STOPDATE.01~Y_S6862302
S6862401,YEMP_STOPDATE.02~M,YEMP_STOPDATE.02~M_S6862401
S6862402,YEMP_STOPDATE.02~Y,YEMP_STOPDATE.02~Y_S6862402
S6862501,YEMP_STOPDATE.03~M,YEMP_STOPDATE.03~M_S6862501
S6862502,YEMP_STOPDATE.03~Y,YEMP_STOPDATE.03~Y_S6862502
S6862601,YEMP_STOPDATE.04~M,YEMP_STOPDATE.04~M_S6862601
S6862602,YEMP_STOPDATE.04~Y,YEMP_STOPDATE.04~Y_S6862602
S6862701,YEMP_STOPDATE.05~M,YEMP_STOPDATE.05~M_S6862701
S6862702,YEMP_STOPDATE.05~Y,YEMP_STOPDATE.05~Y_S6862702
S6862801,YEMP_STOPDATE.06~M,YEMP_STOPDATE.06~M_S6862801
S6862802,YEMP_STOPDATE.06~Y,YEMP_STOPDATE.06~Y_S6862802
S6862901,YEMP_STOPDATE.07~M,YEMP_STOPDATE.07~M_S6862901
S6862902,YEMP_STOPDATE.07~Y,YEMP_STOPDATE.07~Y_S6862902
S6863001,YEMP_STOPDATE.08~M,YEMP_STOPDATE.08~M_S6863001
S6863002,YEMP_STOPDATE.08~Y,YEMP_STOPDATE.08~Y_S6863002
S6863101,YEMP_STOPDATE.09~M,YEMP_STOPDATE.09~M_S6863101
S6863102,YEMP_STOPDATE.09~Y,YEMP_STOPDATE.09~Y_S6863102
S6880801,YEMP_STARTDATE.01~M,YEMP_STARTDATE.01~M_S6880801
S6880802,YEMP_STARTDATE.01~Y,YEMP_STARTDATE.01~Y_S6880802
S6880901,YEMP_STARTDATE.02~M,YEMP_STARTDATE.02~M_S6880901
S6880902,YEMP_STARTDATE.02~Y,YEMP_STARTDATE.02~Y_S6880902
S6881001,YEMP_STARTDATE.03~M,YEMP_STARTDATE.03~M_S6881001
S6881002,YEMP_STARTDATE.03~Y,YEMP_STARTDATE.03~Y_S6881002
S6881101,YEMP_STARTDATE.04~M,YEMP_STARTDATE.04~M_S6881101
S6881102,YEMP_STARTDATE.04~Y,YEMP_STARTDATE.04~Y_S6881102
S6881201,YEMP_STARTDATE.05~M,YEMP_STARTDATE.05~M_S6881201
S6881202,YEMP_STARTDATE.05~Y,YEMP_STARTDATE.05~Y_S6881202
S6881301,YEMP_STARTDATE.06~M,YEMP_STARTDATE.06~M_S6881301
S6881302,YEMP_STARTDATE.06~Y,YEMP_STARTDATE.06~Y_S6881302
S6881401,YEMP_STARTDATE.07~M,YEMP_STARTDATE.07~M_S6881401
S6881402,YEMP_STARTDATE.07~Y,YEMP_STARTDATE.07~Y_S6881402
S6881501,YEMP_STARTDATE.08~M,YEMP_STARTDATE.08~M_S6881501
S6881502,YEMP_STARTDATE.08~Y,YEMP_STARTDATE.08~Y_S6881502
S6881601,YEMP_STARTDATE.09~M,YEMP_STARTDATE.09~M_S6881601
S6881602,YEMP_STARTDATE.09~Y,YEMP_STARTDATE.09~Y_S6881602
S7501200,CV_AGE_INT_DATE,CV_AGE_INT_DATE_S7501200
S7513700,CV_INCOME_FAMILY,CV_INCOME_FAMILY_S7513700
S7522200,CV_HRLY_PAY.01,CV_HRLY_PAY.01_S7522200
S7522300,CV_HRLY_PAY.02,CV_HRLY_PAY.02_S7522300
S7522400,CV_HRLY_PAY.03,CV_HRLY_PAY.03_S7522400
S7522500,CV_HRLY_PAY.04,CV_HRLY_PAY.04_S7522500
S7522600,CV_HRLY_PAY.05,CV_HRLY_PAY.05_S7522600
S7522700,CV_HRLY_PAY.06,CV_HRLY_PAY.06_S7522700
S7522800,CV_HRLY_PAY.07,CV_HRLY_PAY.07_S7522800
S7522900,CV_HRLY_PAY.08,CV_HRLY_PAY.08_S7522900
S7523000,CV_HRLY_PAY.09,CV_HRLY_PAY.09_S7523000
S7537100,CV_URBAN-RURAL,CV_URBAN-RURAL_S7537100
S8009500,COW_YEMP-58500.01,COW_YEMP-58500.01_S8009500
S8009600,COW_YEMP-58500.02,COW_YEMP-58500.02_S8009600
S8009700,COW_YEMP-58500.03,COW_YEMP-58500.03_S8009700
S8009800,COW_YEMP-58500.04,COW_YEMP-58500.04_S8009800
S8009900,COW_YEMP-58500.05,COW_YEMP-58500.05_S8009900
S8010000,COW_YEMP-58500.06,COW_YEMP-58500.06_S8010000
S8010100,COW_YEMP-58500.07,COW_YEMP-58500.07_S8010100
S8010200,COW_YEMP-58500.08,COW_YEMP-58500.08_S8010200
S8010300,COW_YEMP-58500.09,COW_YEMP-58500.09_S8010300
S8231400,UNION_YEMP-101100.01,UNION_YEMP-101100.01_S8231400
S8231500,UNION_YEMP-101100.02,UNION_YEMP-101100.02_S8231500
S8231600,UNION_YEMP-101100.03,UNION_YEMP-101100.03_S8231600
S8231700,UNION_YEMP-101100.04,UNION_YEMP-101100.04_S8231700
S8231800,UNION_YEMP-101100.05,UNION_YEMP-101100.05_S8231800
S8231900,UNION_YEMP-101100.06,UNION_YEMP-101100.06_S8231900
S8232000,UNION_YEMP-101100.07,UNION_YEMP-101100.07_S8232000
S8232100,UNION_YEMP-101100.09,UNION_YEMP-101100.09_S8232100
S8241400,JOB-SATISFACTION_YEMP-101200.01,JOB-SATISFACTION_YEMP-101200.01_S8241400
S8241500,JOB-SATISFACTION_YEMP-101200.02,JOB-SATISFACTION_YEMP-101200.02_S8241500
S8241600,JOB-SATISFACTION_YEMP-101200.03,JOB-SATISFACTION_YEMP-101200.03_S8241600
S8241700,JOB-SATISFACTION_YEMP-101200.04,JOB-SATISFACTION_YEMP-101200.04_S8241700
S8241800,JOB-SATISFACTION_YEMP-101200.05,JOB-SATISFACTION_YEMP-101200.05_S8241800
S8241900,JOB-SATISFACTION_YEMP-101200.06,JOB-SATISFACTION_YEMP-101200.06_S8241900
S8242000,JOB-SATISFACTION_YEMP-101200.07,JOB-SATISFACTION_YEMP-101200.07_S8242000
S8242100,JOB-SATISFACTION_YEMP-101200.09,JOB-SATISFACTION_YEMP-101200.09_S8242100
S8844101,YEMP_STOPDATE.01~M,YEMP_STOPDATE.01~M_S8844101
S8844102,YEMP_STOPDATE.01~Y,YEMP_STOPDATE.01~Y_S8844102
S8844201,YEMP_STOPDATE.02~M,YEMP_STOPDATE.02~M_S8844201
S8844202,YEMP_STOPDATE.02~Y,YEMP_STOPDATE.02~Y_S8844202
S8844301,YEMP_STOPDATE.03~M,YEMP_STOPDATE.03~M_S8844301
S8844302,YEMP_STOPDATE.03~Y,YEMP_STOPDATE.03~Y_S8844302
S8844401,YEMP_STOPDATE.04~M,YEMP_STOPDATE.04~M_S8844401
S8844402,YEMP_STOPDATE.04~Y,YEMP_STOPDATE.04~Y_S8844402
S8844501,YEMP_STOPDATE.05~M,YEMP_STOPDATE.05~M_S8844501
S8844502,YEMP_STOPDATE.05~Y,YEMP_STOPDATE.05~Y_S8844502
S8844601,YEMP_STOPDATE.06~M,YEMP_STOPDATE.06~M_S8844601
S8844602,YEMP_STOPDATE.06~Y,YEMP_STOPDATE.06~Y_S8844602
S8844701,YEMP_STOPDATE.07~M,YEMP_STOPDATE.07~M_S8844701
S8844702,YEMP_STOPDATE.07~Y,YEMP_STOPDATE.07~Y_S8844702
S8844801,YEMP_STOPDATE.08~M,YEMP_STOPDATE.08~M_S8844801
S8844802,YEMP_STOPDATE.08~Y,YEMP_STOPDATE.08~Y_S8844802
S8844901,YEMP_STOPDATE.09~M,YEMP_STOPDATE.09~M_S8844901
S8844902,YEMP_STOPDATE.09~Y,YEMP_STOPDATE.09~Y_S8844902
S8862201,YEMP_STARTDATE.01~M,YEMP_STARTDATE.01~M_S8862201
S8862202,YEMP_STARTDATE.01~Y,YEMP_STARTDATE.01~Y_S8862202
S8862301,YEMP_STARTDATE.02~M,YEMP_STARTDATE.02~M_S8862301
S8862302,YEMP_STARTDATE.02~Y,YEMP_STARTDATE.02~Y_S8862302
S8862401,YEMP_STARTDATE.03~M,YEMP_STARTDATE.03~M_S8862401
S8862402,YEMP_STARTDATE.03~Y,YEMP_STARTDATE.03~Y_S8862402
S8862501,YEMP_STARTDATE.04~M,YEMP_STARTDATE.04~M_S8862501
S8862502,YEMP_STARTDATE.04~Y,YEMP_STARTDATE.04~Y_S8862502
S8862601,YEMP_STARTDATE.05~M,YEMP_STARTDATE.05~M_S8862601
S8862602,YEMP_STARTDATE.05~Y,YEMP_STARTDATE.05~Y_S8862602
S8862701,YEMP_STARTDATE.06~M,YEMP_STARTDATE.06~M_S8862701
S8862702,YEMP_STARTDATE.06~Y,YEMP_STARTDATE.06~Y_S8862702
S8862801,YEMP_STARTDATE.07~M,YEMP_STARTDATE.07~M_S8862801
S8862802,YEMP_STARTDATE.07~Y,YEMP_STARTDATE.07~Y_S8862802
S8862901,YEMP_STARTDATE.08~M,YEMP_STARTDATE.08~M_S8862901
S8862902,YEMP_STARTDATE.08~Y,YEMP_STARTDATE.08~Y_S8862902
S8863001,YEMP_STARTDATE.09~M,YEMP_STARTDATE.09~M_S8863001
S8863002,YEMP_STARTDATE.09~Y,YEMP_STARTDATE.09~Y_S8863002
T0008500,CV_AGE_INT_DATE,CV_AGE_INT_DATE_T0008500
T0014100,CV_INCOME_FAMILY,CV_INCOME_FAMILY_T0014100
T0022800,CV_HRLY_PAY.01,CV_HRLY_PAY.01_T0022800
T0022900,CV_HRLY_PAY.02,CV_HRLY_PAY.02_T0022900
T0023000,CV_HRLY_PAY.03,CV_HRLY_PAY.03_T0023000
T0023100,CV_HRLY_PAY.04,CV_HRLY_PAY.04_T0023100
T0023200,CV_HRLY_PAY.05,CV_HRLY_PAY.05_T0023200
T0023300,CV_HRLY_PAY.06,CV_HRLY_PAY.06_T0023300
T0023400,CV_HRLY_PAY.07,CV_HRLY_PAY.07_T0023400
T0023500,CV_HRLY_PAY.08,CV_HRLY_PAY.08_T0023500
T0033700,CV_URBAN-RURAL,CV_URBAN-RURAL_T0033700
T0411500,COW_YEMP-58500.01,COW_YEMP-58500.01_T0411500
T0411600,COW_YEMP-58500.02,COW_YEMP-58500.02_T0411600
T0411700,COW_YEMP-58500.03,COW_YEMP-58500.03_T0411700
T0411800,COW_YEMP-58500.04,COW_YEMP-58500.04_T0411800
T0411900,COW_YEMP-58500.05,COW_YEMP-58500.05_T0411900
T0412000,COW_YEMP-58500.06,COW_YEMP-58500.06_T0412000
T0412100,COW_YEMP-58500.07,COW_YEMP-58500.07_T0412100
T0412200,COW_YEMP-58500.08,COW_YEMP-58500.08_T0412200
T0639200,UNION_YEMP-101100.01,UNION_YEMP-101100.01_T0639200
T0639300,UNION_YEMP-101100.02,UNION_YEMP-101100.02_T0639300
T0639400,UNION_YEMP-101100.03,UNION_YEMP-101100.03_T0639400
T0639500,UNION_YEMP-101100.04,UNION_YEMP-101100.04_T0639500
T0639600,UNION_YEMP-101100.05,UNION_YEMP-101100.05_T0639600
T0639700,UNION_YEMP-101100.06,UNION_YEMP-101100.06_T0639700
T0639800,UNION_YEMP-101100.07,UNION_YEMP-101100.07_T0639800
T0639900,UNION_YEMP-101100.08,UNION_YEMP-101100.08_T0639900
T0653200,JOB-SATISFACTION_YEMP-101200.01,JOB-SATISFACTION_YEMP-101200.01_T0653200
T0653300,JOB-SATISFACTION_YEMP-101200.02,JOB-SATISFACTION_YEMP-101200.02_T0653300
T0653400,JOB-SATISFACTION_YEMP-101200.03,JOB-SATISFACTION_YEMP-101200.03_T0653400
T0653500,JOB-SATISFACTION_YEMP-101200.04,JOB-SATISFACTION_YEMP-101200.04_T0653500
T0653600,JOB-SATISFACTION_YEMP-101200.05,JOB-SATISFACTION_YEMP-101200.05_T0653600
T0653700,JOB-SATISFACTION_YEMP-101200.06,JOB-SATISFACTION_YEMP-101200.06_T0653700
T0653800,JOB-SATISFACTION_YEMP-101200.07,JOB-SATISFACTION_YEMP-101200.07_T0653800
T0653900,JOB-SATISFACTION_YEMP-101200.08,JOB-SATISFACTION_YEMP-101200.08_T0653900
T1259501,YEMP_STOPDATE.01~M,YEMP_STOPDATE.01~M_T1259501
T1259502,YEMP_STOPDATE.01~Y,YEMP_STOPDATE.01~Y_T1259502
T1259601,YEMP_STOPDATE.02~M,YEMP_STOPDATE.02~M_T1259601
T1259602,YEMP_STOPDATE.02~Y,YEMP_STOPDATE.02~Y_T1259602
T1259701,YEMP_STOPDATE.03~M,YEMP_STOPDATE.03~M_T1259701
T1259702,YEMP_STOPDATE.03~Y,YEMP_STOPDATE.03~Y_T1259702
T1259801,YEMP_STOPDATE.04~M,YEMP_STOPDATE.04~M_T1259801
T1259802,YEMP_STOPDATE.04~Y,YEMP_STOPDATE.04~Y_T1259802
T1259901,YEMP_STOPDATE.05~M,YEMP_STOPDATE.05~M_T1259901
T1259902,YEMP_STOPDATE.05~Y,YEMP_STOPDATE.05~Y_T1259902
T1260001,YEMP_STOPDATE.06~M,YEMP_STOPDATE.06~M_T1260001
T1260002,YEMP_STOPDATE.06~Y,YEMP_STOPDATE.06~Y_T1260002
T1260101,YEMP_STOPDATE.07~M,YEMP_STOPDATE.07~M_T1260101
T1260102,YEMP_STOPDATE.07~Y,YEMP_STOPDATE.07~Y_T1260102
T1260201,YEMP_STOPDATE.08~M,YEMP_STOPDATE.08~M_T1260201
T1260202,YEMP_STOPDATE.08~Y,YEMP_STOPDATE.08~Y_T1260202
T1277401,YEMP_STARTDATE.01~M,YEMP_STARTDATE.01~M_T1277401
T1277402,YEMP_STARTDATE.01~Y,YEMP_STARTDATE.01~Y_T1277402
T1277501,YEMP_STARTDATE.02~M,YEMP_STARTDATE.02~M_T1277501
T1277502,YEMP_STARTDATE.02~Y,YEMP_STARTDATE.02~Y_T1277502
T1277601,YEMP_STARTDATE.03~M,YEMP_STARTDATE.03~M_T1277601
T1277602,YEMP_STARTDATE.03~Y,YEMP_STARTDATE.03~Y_T1277602
T1277701,YEMP_STARTDATE.04~M,YEMP_STARTDATE.04~M_T1277701
T1277702,YEMP_STARTDATE.04~Y,YEMP_STARTDATE.04~Y_T1277702
T1277801,YEMP_STARTDATE.05~M,YEMP_STARTDATE.05~M_T1277801
T1277802,YEMP_STARTDATE.05~Y,YEMP_STARTDATE.05~Y_T1277802
T1277901,YEMP_STARTDATE.06~M,YEMP_STARTDATE.06~M_T1277901
T1277902,YEMP_STARTDATE.06~Y,YEMP_STARTDATE.06~Y_T1277902
T1278001,YEMP_STARTDATE.07~M,YEMP_STARTDATE.07~M_T1278001
T1278002,YEMP_STARTDATE.07~Y,YEMP_STARTDATE.07~Y_T1278002
T1278101,YEMP_STARTDATE.08~M,YEMP_STARTDATE.08~M_T1278101
T1278102,YEMP_STARTDATE.08~Y,YEMP_STARTDATE.08~Y_T1278102
T2011100,CV_AGE_INT_DATE,CV_AGE_INT_DATE_T2011100
T2016200,CV_INCOME_FAMILY,CV_INCOME_FAMILY_T2016200
T2017700,CV_HRLY_PAY.01,CV_HRLY_PAY.01_T2017700
T2017800,CV_HRLY_PAY.02,CV_HRLY_PAY.02_T2017800
T2017900,CV_HRLY_PAY.03,CV_HRLY_PAY.03_T2017900
T2018000,CV_HRLY_PAY.04,CV_HRLY_PAY.04_T2018000
T2018100,CV_HRLY_PAY.05,CV_HRLY_PAY.05_T2018100
T2018200,CV_HRLY_PAY.06,CV_HRLY_PAY.06_T2018200
T2018300,CV_HRLY_PAY.07,CV_HRLY_PAY.07_T2018300
T2018400,CV_HRLY_PAY.08,CV_HRLY_PAY.08_T2018400
T2021300,CV_URBAN-RURAL,CV_URBAN-RURAL_T2021300
T2440600,COW_YEMP-58500.01,COW_YEMP-58500.01_T2440600
T2440700,COW_YEMP-58500.02,COW_YEMP-58500.02_T2440700
T2440800,COW_YEMP-58500.03,COW_YEMP-58500.03_T2440800
T2440900,COW_YEMP-58500.04,COW_YEMP-58500.04_T2440900
T2441000,COW_YEMP-58500.05,COW_YEMP-58500.05_T2441000
T2441100,COW_YEMP-58500.06,COW_YEMP-58500.06_T2441100
T2441200,COW_YEMP-58500.07,COW_YEMP-58500.07_T2441200
T2441300,COW_YEMP-58500.08,COW_YEMP-58500.08_T2441300
T2680200,UNION_YEMP-101100.01,UNION_YEMP-101100.01_T2680200
T2680300,UNION_YEMP-101100.02,UNION_YEMP-101100.02_T2680300
T2680400,UNION_YEMP-101100.03,UNION_YEMP-101100.03_T2680400
T2680500,UNION_YEMP-101100.04,UNION_YEMP-101100.04_T2680500
T2680600,UNION_YEMP-101100.05,UNION_YEMP-101100.05_T2680600
T2680700,UNION_YEMP-101100.06,UNION_YEMP-101100.06_T2680700
T2680800,UNION_YEMP-101100.07,UNION_YEMP-101100.07_T2680800
T2680900,UNION_YEMP-101100.08,UNION_YEMP-101100.08_T2680900
T2692700,JOB-SATISFACTION_YEMP-101200.01,JOB-SATISFACTION_YEMP-101200.01_T2692700
T2692800,JOB-SATISFACTION_YEMP-101200.02,JOB-SATISFACTION_YEMP-101200.02_T2692800
T2692900,JOB-SATISFACTION_YEMP-101200.03,JOB-SATISFACTION_YEMP-101200.03_T2692900
T2693000,JOB-SATISFACTION_YEMP-101200.04,JOB-SATISFACTION_YEMP-101200.04_T2693000
T2693100,JOB-SATISFACTION_YEMP-101200.05,JOB-SATISFACTION_YEMP-101200.05_T2693100
T2693200,JOB-SATISFACTION_YEMP-101200.06,JOB-SATISFACTION_YEMP-101200.06_T2693200
T2693300,JOB-SATISFACTION_YEMP-101200.07,JOB-SATISFACTION_YEMP-101200.07_T2693300
T2693400,JOB-SATISFACTION_YEMP-101200.08,JOB-SATISFACTION_YEMP-101200.08_T2693400
T3346101,YEMP_STOPDATE.01~M,YEMP_STOPDATE.01~M_T3346101
T3346102,YEMP_STOPDATE.01~Y,YEMP_STOPDATE.01~Y_T3346102
T3346201,YEMP_STOPDATE.02~M,YEMP_STOPDATE.02~M_T3346201
T3346202,YEMP_STOPDATE.02~Y,YEMP_STOPDATE.02~Y_T3346202
T3346301,YEMP_STOPDATE.03~M,YEMP_STOPDATE.03~M_T3346301
T3346302,YEMP_STOPDATE.03~Y,YEMP_STOPDATE.03~Y_T3346302
T3346401,YEMP_STOPDATE.04~M,YEMP_STOPDATE.04~M_T3346401
T3346402,YEMP_STOPDATE.04~Y,YEMP_STOPDATE.04~Y_T3346402
T3346501,YEMP_STOPDATE.05~M,YEMP_STOPDATE.05~M_T3346501
T3346502,YEMP_STOPDATE.05~Y,YEMP_STOPDATE.05~Y_T3346502
T3346601,YEMP_STOPDATE.06~M,YEMP_STOPDATE.06~M_T3346601
T3346602,YEMP_STOPDATE.06~Y,YEMP_STOPDATE.06~Y_T3346602
T3346701,YEMP_STOPDATE.07~M,YEMP_STOPDATE.07~M_T3346701
T3346702,YEMP_STOPDATE.07~Y,YEMP_STOPDATE.07~Y_T3346702
T3346801,YEMP_STOPDATE.08~M,YEMP_STOPDATE.08~M_T3346801
T3346802,YEMP_STOPDATE.08~Y,YEMP_STOPDATE.08~Y_T3346802
T3364901,YEMP_STARTDATE.01~M,YEMP_STARTDATE.01~M_T3364901
T3364902,YEMP_STARTDATE.01~Y,YEMP_STARTDATE.01~Y_T3364902
T3365001,YEMP_STARTDATE.02~M,YEMP_STARTDATE.02~M_T3365001
T3365002,YEMP_STARTDATE.02~Y,YEMP_STARTDATE.02~Y_T3365002
T3365101,YEMP_STARTDATE.03~M,YEMP_STARTDATE.03~M_T3365101
T3365102,YEMP_STARTDATE.03~Y,YEMP_STARTDATE.03~Y_T3365102
T3365201,YEMP_STARTDATE.04~M,YEMP_STARTDATE.04~M_T3365201
T3365202,YEMP_STARTDATE.04~Y,YEMP_STARTDATE.04~Y_T3365202
T3365301,YEMP_STARTDATE.05~M,YEMP_STARTDATE.05~M_T3365301
T3365302,YEMP_STARTDATE.05~Y,YEMP_STARTDATE.05~Y_T3365302
T3365401,YEMP_STARTDATE.06~M,YEMP_STARTDATE.06~M_T3365401
T3365402,YEMP_STARTDATE.06~Y,YEMP_STARTDATE.06~Y_T3365402
T3365501,YEMP_STARTDATE.07~M,YEMP_STARTDATE.07~M_T3365501
T3365502,YEMP_STARTDATE.07~Y,YEMP_STARTDATE.07~Y_T3365502
T3365601,YEMP_STARTDATE.08~M,YEMP_STARTDATE.08~M_T3365601
T3365602,YEMP_STARTDATE.08~Y,YEMP_STARTDATE.08~Y_T3365602
T3601500,CV_AGE_INT_DATE,CV_AGE_INT_DATE_T3601500
T3606500,CV_INCOME_FAMILY,CV_INCOME_FAMILY_T3606500
T3608100,CV_HRLY_PAY.01,CV_HRLY_PAY.01_T3608100
T3608200,CV_HRLY_PAY.02,CV_HRLY_PAY.02_T3608200
T3608300,CV_HRLY_PAY.03,CV_HRLY_PAY.03_T3608300
T3608400,CV_HRLY_PAY.04,CV_HRLY_PAY.04_T3608400
T3608500,CV_HRLY_PAY.05,CV_HRLY_PAY.05_T3608500
T3608600,CV_HRLY_PAY.06,CV_HRLY_PAY.06_T3608600
T3608700,CV_HRLY_PAY.07,CV_HRLY_PAY.07_T3608700
T3608800,CV_HRLY_PAY.08,CV_HRLY_PAY.08_T3608800
T3608900,CV_HRLY_PAY.09,CV_HRLY_PAY.09_T3608900
T3612000,CV_URBAN-RURAL,CV_URBAN-RURAL_T3612000
T3945500,COW_YEMP-58500.01,COW_YEMP-58500.01_T3945500
T3945600,COW_YEMP-58500.02,COW_YEMP-58500.02_T3945600
T3945700,COW_YEMP-58500.03,COW_YEMP-58500.03_T3945700
T3945800,COW_YEMP-58500.04,COW_YEMP-58500.04_T3945800
T3945900,COW_YEMP-58500.05,COW_YEMP-58500.05_T3945900
T3946000,COW_YEMP-58500.06,COW_YEMP-58500.06_T3946000
T3946100,COW_YEMP-58500.07,COW_YEMP-58500.07_T3946100
T3946200,COW_YEMP-58500.08,COW_YEMP-58500.08_T3946200
T4164900,UNION_YEMP-101100.01,UNION_YEMP-101100.01_T4164900
T4165000,UNION_YEMP-101100.02,UNION_YEMP-101100.02_T4165000
T4165100,UNION_YEMP-101100.03,UNION_YEMP-101100.03_T4165100
T4165200,UNION_YEMP-101100.04,UNION_YEMP-101100.04_T4165200
T4165300,UNION_YEMP-101100.05,UNION_YEMP-101100.05_T4165300
T4165400,UNION_YEMP-101100.06,UNION_YEMP-101100.06_T4165400
T4165500,UNION_YEMP-101100.07,UNION_YEMP-101100.07_T4165500
T4165600,UNION_YEMP-101100.08,UNION_YEMP-101100.08_T4165600
T4165700,UNION_YEMP-101100.09,UNION_YEMP-101100.09_T4165700
T4178700,JOB-SATISFACTION_YEMP-101200.01,JOB-SATISFACTION_YEMP-101200.01_T4178700
T4178800,JOB-SATISFACTION_YEMP-101200.02,JOB-SATISFACTION_YEMP-101200.02_T4178800
T4178900,JOB-SATISFACTION_YEMP-101200.03,JOB-SATISFACTION_YEMP-101200.03_T4178900
T4179000,JOB-SATISFACTION_YEMP-101200.04,JOB-SATISFACTION_YEMP-101200.04_T4179000
T4179100,JOB-SATISFACTION_YEMP-101200.05,JOB-SATISFACTION_YEMP-101200.05_T4179100
T4179200,JOB-SATISFACTION_YEMP-101200.06,JOB-SATISFACTION_YEMP-101200.06_T4179200
T4179300,JOB-SATISFACTION_YEMP-101200.07,JOB-SATISFACTION_YEMP-101200.07_T4179300
T4179400,JOB-SATISFACTION_YEMP-101200.08,JOB-SATISFACTION_YEMP-101200.08_T4179400
T4179500,JOB-SATISFACTION_YEMP-101200.09,JOB-SATISFACTION_YEMP-101200.09_T4179500
T4764501,YEMP_STOPDATE.01~M,YEMP_STOPDATE.01~M_T4764501
T4764502,YEMP_STOPDATE.01~Y,YEMP_STOPDATE.01~Y_T4764502
T4764601,YEMP_STOPDATE.02~M,YEMP_STOPDATE.02~M_T4764601
T4764602,YEMP_STOPDATE.02~Y,YEMP_STOPDATE.02~Y_T4764602
T4764701,YEMP_STOPDATE.03~M,YEMP_STOPDATE.03~M_T4764701
T4764702,YEMP_STOPDATE.03~Y,YEMP_STOPDATE.03~Y_T4764702
T4764801,YEMP_STOPDATE.04~M,YEMP_STOPDATE.04~M_T4764801
T4764802,YEMP_STOPDATE.04~Y,YEMP_STOPDATE.04~Y_T4764802
T4764901,YEMP_STOPDATE.05~M,YEMP_STOPDATE.05~M_T4764901
T4764902,YEMP_STOPDATE.05~Y,YEMP_STOPDATE.05~Y_T4764902
T4765001,YEMP_STOPDATE.06~M,YEMP_STOPDATE.06~M_T4765001
T4765002,YEMP_STOPDATE.06~Y,YEMP_STOPDATE.06~Y_T4765002
T4765101,YEMP_STOPDATE.07~M,YEMP_STOPDATE.07~M_T4765101
T4765102,YEMP_STOPDATE.07~Y,YEMP_STOPDATE.07~Y_T4765102
T4765201,YEMP_STOPDATE.08~M,YEMP_STOPDATE.08~M_T4765201
T4765202,YEMP_STOPDATE.08~Y,YEMP_STOPDATE.08~Y_T4765202
T4765301,YEMP_STOPDATE.09~M,YEMP_STOPDATE.09~M_T4765301
T4765302,YEMP_STOPDATE.09~Y,YEMP_STOPDATE.09~Y_T4765302
T4782201,YEMP_STARTDATE.01~M,YEMP_STARTDATE.01~M_T4782201
T4782202,YEMP_STARTDATE.01~Y,YEMP_STARTDATE.01~Y_T4782202
T4782301,YEMP_STARTDATE.02~M,YEMP_STARTDATE.02~M_T4782301
T4782302,YEMP_STARTDATE.02~Y,YEMP_STARTDATE.02~Y_T4782302
T4782401,YEMP_STARTDATE.03~M,YEMP_STARTDATE.03~M_T4782401
T4782402,YEMP_STARTDATE.03~Y,YEMP_STARTDATE.03~Y_T4782402
T4782501,YEMP_STARTDATE.04~M,YEMP_STARTDATE.04~M_T4782501
T4782502,YEMP_STARTDATE.04~Y,YEMP_STARTDATE.04~Y_T4782502
T4782601,YEMP_STARTDATE.05~M,YEMP_STARTDATE.05~M_T4782601
T4782602,YEMP_STARTDATE.05~Y,YEMP_STARTDATE.05~Y_T4782602
T4782701,YEMP_STARTDATE.06~M,YEMP_STARTDATE.06~M_T4782701
T4782702,YEMP_STARTDATE.06~Y,YEMP_STARTDATE.06~Y_T4782702
T4782801,YEMP_STARTDATE.07~M,YEMP_STARTDATE.07~M_T4782801
T4782802,YEMP_STARTDATE.07~Y,YEMP_STARTDATE.07~Y_T4782802
T4782901,YEMP_STARTDATE.08~M,YEMP_STARTDATE.08~M_T4782901
T4782902,YEMP_STARTDATE.08~Y,YEMP_STARTDATE.08~Y_T4782902
T4783001,YEMP_STARTDATE.09~M,YEMP_STARTDATE.09~M_T4783001
T4783002,YEMP_STARTDATE.09~Y,YEMP_STARTDATE.09~Y_T4783002
T5201400,CV_AGE_INT_DATE,CV_AGE_INT_DATE_T5201400
T5206700,HIGHEST-GRADE_EVER_EDT,HIGHEST-GRADE_EVER_EDT_T5206700
T5206900,CV_INCOME_FAMILY,CV_INCOME_FAMILY_T5206900
T5208500,CV_HRLY_PAY.01,CV_HRLY_PAY.01_T5208500
T5208600,CV_HRLY_PAY.02,CV_HRLY_PAY.02_T5208600
T5208700,CV_HRLY_PAY.03,CV_HRLY_PAY.03_T5208700
T5208800,CV_HRLY_PAY.04,CV_HRLY_PAY.04_T5208800
T5208900,CV_HRLY_PAY.05,CV_HRLY_PAY.05_T5208900
T5209000,CV_HRLY_PAY.06,CV_HRLY_PAY.06_T5209000
T5209100,CV_HRLY_PAY.07,CV_HRLY_PAY.07_T5209100
T5209200,CV_HRLY_PAY.08,CV_HRLY_PAY.08_T5209200
T5209300,CV_HRLY_PAY.09,CV_HRLY_PAY.09_T5209300
T5211900,CV_URBAN-RURAL,CV_URBAN-RURAL_T5211900
T5583900,COW_YEMP-58500.01,COW_YEMP-58500.01_T5583900
T5584000,COW_YEMP-58500.02,COW_YEMP-58500.02_T5584000
T5584100,COW_YEMP-58500.03,COW_YEMP-58500.03_T5584100
T5584200,COW_YEMP-58500.04,COW_YEMP-58500.04_T5584200
T5584300,COW_YEMP-58500.05,COW_YEMP-58500.05_T5584300
T5584400,COW_YEMP-58500.06,COW_YEMP-58500.06_T5584400
T5584500,COW_YEMP-58500.07,COW_YEMP-58500.07_T5584500
T5584600,COW_YEMP-58500.08,COW_YEMP-58500.08_T5584600
T5797300,UNION_YEMP-101100.01,UNION_YEMP-101100.01_T5797300
T5797400,UNION_YEMP-101100.02,UNION_YEMP-101100.02_T5797400
T5797500,UNION_YEMP-101100.03,UNION_YEMP-101100.03_T5797500
T5797600,UNION_YEMP-101100.04,UNION_YEMP-101100.04_T5797600
T5797700,UNION_YEMP-101100.05,UNION_YEMP-101100.05_T5797700
T5797800,UNION_YEMP-101100.06,UNION_YEMP-101100.06_T5797800
T5797900,UNION_YEMP-101100.07,UNION_YEMP-101100.07_T5797900
T5798000,UNION_YEMP-101100.08,UNION_YEMP-101100.08_T5798000
T5798100,UNION_YEMP-101100.09,UNION_YEMP-101100.09_T5798100
T5808400,JOB-SATISFACTION_YEMP-101200.01,JOB-SATISFACTION_YEMP-101200.01_T5808400
T5808500,JOB-SATISFACTION_YEMP-101200.02,JOB-SATISFACTION_YEMP-101200.02_T5808500
T5808600,JOB-SATISFACTION_YEMP-101200.03,JOB-SATISFACTION_YEMP-101200.03_T5808600
T5808700,JOB-SATISFACTION_YEMP-101200.04,JOB-SATISFACTION_YEMP-101200.04_T5808700
T5808800,JOB-SATISFACTION_YEMP-101200.05,JOB-SATISFACTION_YEMP-101200.05_T5808800
T5808900,JOB-SATISFACTION_YEMP-101200.06,JOB-SATISFACTION_YEMP-101200.06_T5808900
T5809000,JOB-SATISFACTION_YEMP-101200.07,JOB-SATISFACTION_YEMP-101200.07_T5809000
T5809100,JOB-SATISFACTION_YEMP-101200.08,JOB-SATISFACTION_YEMP-101200.08_T5809100
T5809200,JOB-SATISFACTION_YEMP-101200.09,JOB-SATISFACTION_YEMP-101200.09_T5809200
T6405901,YEMP_STOPDATE.01~M,YEMP_STOPDATE.01~M_T6405901
T6405902,YEMP_STOPDATE.01~Y,YEMP_STOPDATE.01~Y_T6405902
T6406001,YEMP_STOPDATE.02~M,YEMP_STOPDATE.02~M_T6406001
T6406002,YEMP_STOPDATE.02~Y,YEMP_STOPDATE.02~Y_T6406002
T6406101,YEMP_STOPDATE.03~M,YEMP_STOPDATE.03~M_T6406101
T6406102,YEMP_STOPDATE.03~Y,YEMP_STOPDATE.03~Y_T6406102
T6406201,YEMP_STOPDATE.04~M,YEMP_STOPDATE.04~M_T6406201
T6406202,YEMP_STOPDATE.04~Y,YEMP_STOPDATE.04~Y_T6406202
T6406301,YEMP_STOPDATE.05~M,YEMP_STOPDATE.05~M_T6406301
T6406302,YEMP_STOPDATE.05~Y,YEMP_STOPDATE.05~Y_T6406302
T6406401,YEMP_STOPDATE.06~M,YEMP_STOPDATE.06~M_T6406401
T6406402,YEMP_STOPDATE.06~Y,YEMP_STOPDATE.06~Y_T6406402
T6406501,YEMP_STOPDATE.07~M,YEMP_STOPDATE.07~M_T6406501
T6406502,YEMP_STOPDATE.07~Y,YEMP_STOPDATE.07~Y_T6406502
T6406601,YEMP_STOPDATE.08~M,YEMP_STOPDATE.08~M_T6406601
T6406602,YEMP_STOPDATE.08~Y,YEMP_STOPDATE.08~Y_T6406602
T6406701,YEMP_STOPDATE.09~M,YEMP_STOPDATE.09~M_T6406701
T6406702,YEMP_STOPDATE.09~Y,YEMP_STOPDATE.09~Y_T6406702
T6424701,YEMP_STARTDATE.01~M,YEMP_STARTDATE.01~M_T6424701
T6424702,YEMP_STARTDATE.01~Y,YEMP_STARTDATE.01~Y_T6424702
T6424801,YEMP_STARTDATE.02~M,YEMP_STARTDATE.02~M_T6424801
T6424802,YEMP_STARTDATE.02~Y,YEMP_STARTDATE.02~Y_T6424802
T6424901,YEMP_STARTDATE.03~M,YEMP_STARTDATE.03~M_T6424901
T6424902,YEMP_STARTDATE.03~Y,YEMP_STARTDATE.03~Y_T6424902
T6425001,YEMP_STARTDATE.04~M,YEMP_STARTDATE.04~M_T6425001
T6425002,YEMP_STARTDATE.04~Y,YEMP_STARTDATE.04~Y_T6425002
T6425101,YEMP_STARTDATE.05~M,YEMP_STARTDATE.05~M_T6425101
T6425102,YEMP_STARTDATE.05~Y,YEMP_STARTDATE.05~Y_T6425102
T6425201,YEMP_STARTDATE.06~M,YEMP_STARTDATE.06~M_T6425201
T6425202,YEMP_STARTDATE.06~Y,YEMP_STARTDATE.06~Y_T6425202
T6425301,YEMP_STARTDATE.07~M,YEMP_STARTDATE.07~M_T6425301
T6425302,YEMP_STARTDATE.07~Y,YEMP_STARTDATE.07~Y_T6425302
T6425401,YEMP_STARTDATE.08~M,YEMP_STARTDATE.08~M_T6425401
T6425402,YEMP_STARTDATE.08~Y,YEMP_STARTDATE.08~Y_T6425402
T6425501,YEMP_STARTDATE.09~M,YEMP_STARTDATE.09~M_T6425501
T6425502,YEMP_STARTDATE.09~Y,YEMP_STARTDATE.09~Y_T6425502
T6651300,CV_AGE_INT_DATE,CV_AGE_INT_DATE_T6651300
T6656500,HIGHEST-GRADE_EVER_EDT,HIGHEST-GRADE_EVER_EDT_T6656500
T6656700,CV_INCOME_FAMILY,CV_INCOME_FAMILY_T6656700
T6658700,CV_HRLY_PAY.01,CV_HRLY_PAY.01_T6658700
T6658800,CV_HRLY_PAY.02,CV_HRLY_PAY.02_T6658800
T6658900,CV_HRLY_PAY.03,CV_HRLY_PAY.03_T6658900
T6659000,CV_HRLY_PAY.04,CV_HRLY_PAY.04_T6659000
T6659100,CV_HRLY_PAY.05,CV_HRLY_PAY.05_T6659100
T6659200,CV_HRLY_PAY.06,CV_HRLY_PAY.06_T6659200
T6659300,CV_HRLY_PAY.07,CV_HRLY_PAY.07_T6659300
T6659400,CV_HRLY_PAY.08,CV_HRLY_PAY.08_T6659400
T6659500,CV_HRLY_PAY.09,CV_HRLY_PAY.09_T6659500
T6659600,CV_HRLY_PAY.10,CV_HRLY_PAY.10_T6659600
T6659700,CV_HRLY_PAY.11,CV_HRLY_PAY.11_T6659700
T6659800,CV_HRLY_PAY.12,CV_HRLY_PAY.12_T6659800
T6659900,CV_HRLY_PAY.13,CV_HRLY_PAY.13_T6659900
T6663300,CV_URBAN-RURAL,CV_URBAN-RURAL_T6663300
T6983800,COW_YEMP-58500.01,COW_YEMP-58500.01_T6983800
T6983900,COW_YEMP-58500.02,COW_YEMP-58500.02_T6983900
T6984000,COW_YEMP-58500.03,COW_YEMP-58500.03_T6984000
T6984100,COW_YEMP-58500.04,COW_YEMP-58500.04_T6984100
T6984200,COW_YEMP-58500.05,COW_YEMP-58500.05_T6984200
T6984300,COW_YEMP-58500.06,COW_YEMP-58500.06_T6984300
T6984400,COW_YEMP-58500.07,COW_YEMP-58500.07_T6984400
T6984500,COW_YEMP-58500.08,COW_YEMP-58500.08_T6984500
T6984600,COW_YEMP-58500.09,COW_YEMP-58500.09_T6984600
T6984700,COW_YEMP-58500.10,COW_YEMP-58500.10_T6984700
T6984800,COW_YEMP-58500.11,COW_YEMP-58500.11_T6984800
T6984900,COW_YEMP-58500.12,COW_YEMP-58500.12_T6984900
T7231400,UNION_YEMP-101100.01,UNION_YEMP-101100.01_T7231400
T7231500,UNION_YEMP-101100.02,UNION_YEMP-101100.02_T7231500
T7231600,UNION_YEMP-101100.03,UNION_YEMP-101100.03_T7231600
T7231700,UNION_YEMP-101100.04,UNION_YEMP-101100.04_T7231700
T7231800,UNION_YEMP-101100.05,UNION_YEMP-101100.05_T7231800
T7231900,UNION_YEMP-101100.06,UNION_YEMP-101100.06_T7231900
T7232000,UNION_YEMP-101100.07,UNION_YEMP-101100.07_T7232000
T7232100,UNION_YEMP-101100.08,UNION_YEMP-101100.08_T7232100
T7232200,UNION_YEMP-101100.09,UNION_YEMP-101100.09_T7232200
T7232300,UNION_YEMP-101100.10,UNION_YEMP-101100.10_T7232300
T7232400,UNION_YEMP-101100.11,UNION_YEMP-101100.11_T7232400
T7232500,UNION_YEMP-101100.12,UNION_YEMP-101100.12_T7232500
T7242300,JOB-SATISFACTION_YEMP-101200.01,JOB-SATISFACTION_YEMP-101200.01_T7242300
T7242400,JOB-SATISFACTION_YEMP-101200.02,JOB-SATISFACTION_YEMP-101200.02_T7242400
T7242500,JOB-SATISFACTION_YEMP-101200.03,JOB-SATISFACTION_YEMP-101200.03_T7242500
T7242600,JOB-SATISFACTION_YEMP-101200.04,JOB-SATISFACTION_YEMP-101200.04_T7242600
T7242700,JOB-SATISFACTION_YEMP-101200.05,JOB-SATISFACTION_YEMP-101200.05_T7242700
T7242800,JOB-SATISFACTION_YEMP-101200.06,JOB-SATISFACTION_YEMP-101200.06_T7242800
T7242900,JOB-SATISFACTION_YEMP-101200.07,JOB-SATISFACTION_YEMP-101200.07_T7242900
T7243000,JOB-SATISFACTION_YEMP-101200.08,JOB-SATISFACTION_YEMP-101200.08_T7243000
T7243100,JOB-SATISFACTION_YEMP-101200.09,JOB-SATISFACTION_YEMP-101200.09_T7243100
T7243200,JOB-SATISFACTION_YEMP-101200.10,JOB-SATISFACTION_YEMP-101200.10_T7243200
T7243300,JOB-SATISFACTION_YEMP-101200.11,JOB-SATISFACTION_YEMP-101200.11_T7243300
T7243400,JOB-SATISFACTION_YEMP-101200.12,JOB-SATISFACTION_YEMP-101200.12_T7243400
T7243500,JOB-SATISFACTION_YEMP-101200.13,JOB-SATISFACTION_YEMP-101200.13_T7243500
T7906601,YEMP_STOPDATE.01~M,YEMP_STOPDATE.01~M_T7906601
T7906602,YEMP_STOPDATE.01~Y,YEMP_STOPDATE.01~Y_T7906602
T7906701,YEMP_STOPDATE.02~M,YEMP_STOPDATE.02~M_T7906701
T7906702,YEMP_STOPDATE.02~Y,YEMP_STOPDATE.02~Y_T7906702
T7906801,YEMP_STOPDATE.03~M,YEMP_STOPDATE.03~M_T7906801
T7906802,YEMP_STOPDATE.03~Y,YEMP_STOPDATE.03~Y_T7906802
T7906901,YEMP_STOPDATE.04~M,YEMP_STOPDATE.04~M_T7906901
T7906902,YEMP_STOPDATE.04~Y,YEMP_STOPDATE.04~Y_T7906902
T7907001,YEMP_STOPDATE.05~M,YEMP_STOPDATE.05~M_T7907001
T7907002,YEMP_STOPDATE.05~Y,YEMP_STOPDATE.05~Y_T7907002
T7907101,YEMP_STOPDATE.06~M,YEMP_STOPDATE.06~M_T7907101
T7907102,YEMP_STOPDATE.06~Y,YEMP_STOPDATE.06~Y_T7907102
T7907201,YEMP_STOPDATE.07~M,YEMP_STOPDATE.07~M_T7907201
T7907202,YEMP_STOPDATE.07~Y,YEMP_STOPDATE.07~Y_T7907202
T7907301,YEMP_STOPDATE.08~M,YEMP_STOPDATE.08~M_T7907301
T7907302,YEMP_STOPDATE.08~Y,YEMP_STOPDATE.08~Y_T7907302
T7907401,YEMP_STOPDATE.09~M,YEMP_STOPDATE.09~M_T7907401
T7907402,YEMP_STOPDATE.09~Y,YEMP_STOPDATE.09~Y_T7907402
T7907501,YEMP_STOPDATE.10~M,YEMP_STOPDATE.10~M_T7907501
T7907502,YEMP_STOPDATE.10~Y,YEMP_STOPDATE.10~Y_T7907502
T7907601,YEMP_STOPDATE.11~M,YEMP_STOPDATE.11~M_T7907601
T7907602,YEMP_STOPDATE.11~Y,YEMP_STOPDATE.11~Y_T7907602
T7907701,YEMP_STOPDATE.12~M,YEMP_STOPDATE.12~M_T7907701
T7907702,YEMP_STOPDATE.12~Y,YEMP_STOPDATE.12~Y_T7907702
T7907801,YEMP_STOPDATE.13~M,YEMP_STOPDATE.13~M_T7907801
T7907802,YEMP_STOPDATE.13~Y,YEMP_STOPDATE.13~Y_T7907802
T7925601,YEMP_STARTDATE.01~M,YEMP_STARTDATE.01~M_T7925601
T7925602,YEMP_STARTDATE.01~Y,YEMP_STARTDATE.01~Y_T7925602
T7925701,YEMP_STARTDATE.02~M,YEMP_STARTDATE.02~M_T7925701
T7925702,YEMP_STARTDATE.02~Y,YEMP_STARTDATE.02~Y_T7925702
T7925801,YEMP_STARTDATE.03~M,YEMP_STARTDATE.03~M_T7925801
T7925802,YEMP_STARTDATE.03~Y,YEMP_STARTDATE.03~Y_T7925802
T7925901,YEMP_STARTDATE.04~M,YEMP_STARTDATE.04~M_T7925901
T7925902,YEMP_STARTDATE.04~Y,YEMP_STARTDATE.04~Y_T7925902
T7926001,YEMP_STARTDATE.05~M,YEMP_STARTDATE.05~M_T7926001
T7926002,YEMP_STARTDATE.05~Y,YEMP_STARTDATE.05~Y_T7926002
T7926101,YEMP_STARTDATE.06~M,YEMP_STARTDATE.06~M_T7926101
T7926102,YEMP_STARTDATE.06~Y,YEMP_STARTDATE.06~Y_T7926102
T7926201,YEMP_STARTDATE.07~M,YEMP_STARTDATE.07~M_T7926201
T7926202,YEMP_STARTDATE.07~Y,YEMP_STARTDATE.07~Y_T7926202
T7926301,YEMP_STARTDATE.08~M,YEMP_STARTDATE.08~M_T7926301
T7926302,YEMP_STARTDATE.08~Y,YEMP_STARTDATE.08~Y_T7926302
T7926401,YEMP_STARTDATE.09~M,YEMP_STARTDATE.09~M_T7926401
T7926402,YEMP_STARTDATE.09~Y,YEMP_STARTDATE.09~Y_T7926402
T7926501,YEMP_STARTDATE.10~M,YEMP_STARTDATE.10~M_T7926501
T7926502,YEMP_STARTDATE.10~Y,YEMP_STARTDATE.10~Y_T7926502
T7926601,YEMP_STARTDATE.11~M,YEMP_STARTDATE.11~M_T7926601
T7926602,YEMP_STARTDATE.11~Y,YEMP_STARTDATE.11~Y_T7926602
T7926701,YEMP_STARTDATE.12~M,YEMP_STARTDATE.12~M_T7926701
T7926702,YEMP_STARTDATE.12~Y,YEMP_STARTDATE.12~Y_T7926702
T7926801,YEMP_STARTDATE.13~M,YEMP_STARTDATE.13~M_T7926801
T7926802,YEMP_STARTDATE.13~Y,YEMP_STARTDATE.13~Y_T7926802
T8123600,CV_AGE_INT_DATE,CV_AGE_INT_DATE_T8123600
T8128900,HIGHEST-GRADE_EVER_EDT,HIGHEST-GRADE_EVER_EDT_T8128900
T8129100,CV_INCOME_FAMILY,CV_INCOME_FAMILY_T8129100
T8130800,CV_HRLY_PAY.01,CV_HRLY_PAY.01_T8130800
T8130900,CV_HRLY_PAY.02,CV_HRLY_PAY.02_T8130900
T8131000,CV_HRLY_PAY.03,CV_HRLY_PAY.03_T8131000
T8131100,CV_HRLY_PAY.04,CV_HRLY_PAY.04_T8131100
T8131200,CV_HRLY_PAY.05,CV_HRLY_PAY.05_T8131200
T8131300,CV_HRLY_PAY.06,CV_HRLY_PAY.06_T8131300
T8131400,CV_HRLY_PAY.07,CV_HRLY_PAY.07_T8131400
T8131500,CV_HRLY_PAY.08,CV_HRLY_PAY.08_T8131500
T8131600,CV_HRLY_PAY.09,CV_HRLY_PAY.09_T8131600
T8131700,CV_HRLY_PAY.10,CV_HRLY_PAY.10_T8131700
T8134500,CV_URBAN-RURAL,CV_URBAN-RURAL_T8134500
T8467200,COW_YEMP-58500.01,COW_YEMP-58500.01_T8467200
T8467300,COW_YEMP-58500.02,COW_YEMP-58500.02_T8467300
T8467400,COW_YEMP-58500.03,COW_YEMP-58500.03_T8467400
T8467500,COW_YEMP-58500.04,COW_YEMP-58500.04_T8467500
T8467600,COW_YEMP-58500.05,COW_YEMP-58500.05_T8467600
T8467700,COW_YEMP-58500.06,COW_YEMP-58500.06_T8467700
T8467800,COW_YEMP-58500.07,COW_YEMP-58500.07_T8467800
T8467900,COW_YEMP-58500.08,COW_YEMP-58500.08_T8467900
T8468000,COW_YEMP-58500.09,COW_YEMP-58500.09_T8468000
T8468100,COW_YEMP-58500.10,COW_YEMP-58500.10_T8468100
T8723400,UNION_YEMP-101100.01,UNION_YEMP-101100.01_T8723400
T8723500,UNION_YEMP-101100.02,UNION_YEMP-101100.02_T8723500
T8723600,UNION_YEMP-101100.03,UNION_YEMP-101100.03_T8723600
T8723700,UNION_YEMP-101100.04,UNION_YEMP-101100.04_T8723700
T8723800,UNION_YEMP-101100.05,UNION_YEMP-101100.05_T8723800
T8723900,UNION_YEMP-101100.06,UNION_YEMP-101100.06_T8723900
T8724000,UNION_YEMP-101100.07,UNION_YEMP-101100.07_T8724000
T8724100,UNION_YEMP-101100.08,UNION_YEMP-101100.08_T8724100
T8724200,UNION_YEMP-101100.09,UNION_YEMP-101100.09_T8724200
T8735000,JOB-SATISFACTION_YEMP-101200.01,JOB-SATISFACTION_YEMP-101200.01_T8735000
T8735100,JOB-SATISFACTION_YEMP-101200.02,JOB-SATISFACTION_YEMP-101200.02_T8735100
T8735200,JOB-SATISFACTION_YEMP-101200.03,JOB-SATISFACTION_YEMP-101200.03_T8735200
T8735300,JOB-SATISFACTION_YEMP-101200.04,JOB-SATISFACTION_YEMP-101200.04_T8735300
T8735400,JOB-SATISFACTION_YEMP-101200.05,JOB-SATISFACTION_YEMP-101200.05_T8735400
T8735500,JOB-SATISFACTION_YEMP-101200.06,JOB-SATISFACTION_YEMP-101200.06_T8735500
T8735600,JOB-SATISFACTION_YEMP-101200.07,JOB-SATISFACTION_YEMP-101200.07_T8735600
T8735700,JOB-SATISFACTION_YEMP-101200.08,JOB-SATISFACTION_YEMP-101200.08_T8735700
T8735800,JOB-SATISFACTION_YEMP-101200.09,JOB-SATISFACTION_YEMP-101200.09_T8735800
T9329001,YEMP_STOPDATE.01~M,YEMP_STOPDATE.01~M_T9329001
T9329002,YEMP_STOPDATE.01~Y,YEMP_STOPDATE.01~Y_T9329002
T9329101,YEMP_STOPDATE.02~M,YEMP_STOPDATE.02~M_T9329101
T9329102,YEMP_STOPDATE.02~Y,YEMP_STOPDATE.02~Y_T9329102
T9329201,YEMP_STOPDATE.03~M,YEMP_STOPDATE.03~M_T9329201
T9329202,YEMP_STOPDATE.03~Y,YEMP_STOPDATE.03~Y_T9329202
T9329301,YEMP_STOPDATE.04~M,YEMP_STOPDATE.04~M_T9329301
T9329302,YEMP_STOPDATE.04~Y,YEMP_STOPDATE.04~Y_T9329302
T9329401,YEMP_STOPDATE.05~M,YEMP_STOPDATE.05~M_T9329401
T9329402,YEMP_STOPDATE.05~Y,YEMP_STOPDATE.05~Y_T9329402
T9329501,YEMP_STOPDATE.06~M,YEMP_STOPDATE.06~M_T9329501
T9329502,YEMP_STOPDATE.06~Y,YEMP_STOPDATE.06~Y_T9329502
T9329601,YEMP_STOPDATE.07~M,YEMP_STOPDATE.07~M_T9329601
T9329602,YEMP_STOPDATE.07~Y,YEMP_STOPDATE.07~Y_T9329602
T9329701,YEMP_STOPDATE.08~M,YEMP_STOPDATE.08~M_T9329701
T9329702,YEMP_STOPDATE.08~Y,YEMP_STOPDATE.08~Y_T9329702
T9329801,YEMP_STOPDATE.09~M,YEMP_STOPDATE.09~M_T9329801
T9329802,YEMP_STOPDATE.09~Y,YEMP_STOPDATE.09~Y_T9329802
T9329901,YEMP_STOPDATE.10~M,YEMP_STOPDATE.10~M_T9329901
T9329902,YEMP_STOPDATE.10~Y,YEMP_STOPDATE.10~Y_T9329902
T9330001,YEMP_STARTDATE.01~M,YEMP_STARTDATE.01~M_T9330001
T9330002,YEMP_STARTDATE.01~Y,YEMP_STARTDATE.01~Y_T9330002
T9330101,YEMP_STARTDATE.02~M,YEMP_STARTDATE.02~M_T9330101
T9330102,YEMP_STARTDATE.02~Y,YEMP_STARTDATE.02~Y_T9330102
T9330201,YEMP_STARTDATE.03~M,YEMP_STARTDATE.03~M_T9330201
T9330202,YEMP_STARTDATE.03~Y,YEMP_STARTDATE.03~Y_T9330202
T9330301,YEMP_STARTDATE.04~M,YEMP_STARTDATE.04~M_T9330301
T9330302,YEMP_STARTDATE.04~Y,YEMP_STARTDATE.04~Y_T9330302
T9330401,YEMP_STARTDATE.05~M,YEMP_STARTDATE.05~M_T9330401
T9330402,YEMP_STARTDATE.05~Y,YEMP_STARTDATE.05~Y_T9330402
T9330501,YEMP_STARTDATE.06~M,YEMP_STARTDATE.06~M_T9330501
T9330502,YEMP_STARTDATE.06~Y,YEMP_STARTDATE.06~Y_T9330502
T9330601,YEMP_STARTDATE.07~M,YEMP_STARTDATE.07~M_T9330601
T9330602,YEMP_STARTDATE.07~Y,YEMP_STARTDATE.07~Y_T9330602
T9330701,YEMP_STARTDATE.08~M,YEMP_STARTDATE.08~M_T9330701
T9330702,YEMP_STARTDATE.08~Y,YEMP_STARTDATE.08~Y_T9330702
T9330801,YEMP_STARTDATE.09~M,YEMP_STARTDATE.09~M_T9330801
T9330802,YEMP_STARTDATE.09~Y,YEMP_STARTDATE.09~Y_T9330802
T9330901,YEMP_STARTDATE.10~M,YEMP_STARTDATE.10~M_T9330901
T9330902,YEMP_STARTDATE.10~Y,YEMP_STARTDATE.10~Y_T9330902
U0001800,CV_AGE_INT_DATE,CV_AGE_INT_DATE_U0001800
U0008800,HIGHEST-GRADE_EVER_EDT,HIGHEST-GRADE_EVER_EDT_U0008800
U0008900,CV_INCOME_FAMILY,CV_INCOME_FAMILY_U0008900
U0010700,CV_HRLY_PAY.01,CV_HRLY_PAY.01_U0010700
U0010800,CV_HRLY_PAY.02,CV_HRLY_PAY.02_U0010800
U0010900,CV_HRLY_PAY.03,CV_HRLY_PAY.03_U0010900
U0011000,CV_HRLY_PAY.04,CV_HRLY_PAY.04_U0011000
U0011100,CV_HRLY_PAY.05,CV_HRLY_PAY.05_U0011100
U0011200,CV_HRLY_PAY.06,CV_HRLY_PAY.06_U0011200
U0011300,CV_HRLY_PAY.07,CV_HRLY_PAY.07_U0011300
U0011400,CV_HRLY_PAY.08,CV_HRLY_PAY.08_U0011400
U0011500,CV_HRLY_PAY.09,CV_HRLY_PAY.09_U0011500
U0011600,CV_HRLY_PAY.10,CV_HRLY_PAY.10_U0011600
U0011700,CV_HRLY_PAY.11,CV_HRLY_PAY.11_U0011700
U0011800,CV_HRLY_PAY.12,CV_HRLY_PAY.12_U0011800
U0015000,CV_URBAN-RURAL,CV_URBAN-RURAL_U0015000
U0351800,COW_YEMP-58500.01,COW_YEMP-58500.01_U0351800
U0351900,COW_YEMP-58500.02,COW_YEMP-58500.02_U0351900
U0352000,COW_YEMP-58500.03,COW_YEMP-58500.03_U0352000
U0352100,COW_YEMP-58500.04,COW_YEMP-58500.04_U0352100
U0352200,COW_YEMP-58500.05,COW_YEMP-58500.05_U0352200
U0352300,COW_YEMP-58500.06,COW_YEMP-58500.06_U0352300
U0352400,COW_YEMP-58500.07,COW_YEMP-58500.07_U0352400
U0352500,COW_YEMP-58500.08,COW_YEMP-58500.08_U0352500
U0352600,COW_YEMP-58500.09,COW_YEMP-58500.09_U0352600
U0352700,COW_YEMP-58500.10,COW_YEMP-58500.10_U0352700
U0352800,COW_YEMP-58500.11,COW_YEMP-58500.11_U0352800
U0352900,COW_YEMP-58500.12,COW_YEMP-58500.12_U0352900
U0641000,UNION_YEMP-101100.01,UNION_YEMP-101100.01_U0641000
U0641100,UNION_YEMP-101100.02,UNION_YEMP-101100.02_U0641100
U0641200,UNION_YEMP-101100.03,UNION_YEMP-101100.03_U0641200
U0641300,UNION_YEMP-101100.04,UNION_YEMP-101100.04_U0641300
U0641400,UNION_YEMP-101100.05,UNION_YEMP-101100.05_U0641400
U0641500,UNION_YEMP-101100.06,UNION_YEMP-101100.06_U0641500
U0641600,UNION_YEMP-101100.07,UNION_YEMP-101100.07_U0641600
U0641700,UNION_YEMP-101100.08,UNION_YEMP-101100.08_U0641700
U0641800,UNION_YEMP-101100.09,UNION_YEMP-101100.09_U0641800
U0641900,UNION_YEMP-101100.10,UNION_YEMP-101100.10_U0641900
U0642000,UNION_YEMP-101100.11,UNION_YEMP-101100.11_U0642000
U0654900,JOB-SATISFACTION_YEMP-101200.01,JOB-SATISFACTION_YEMP-101200.01_U0654900
U0655000,JOB-SATISFACTION_YEMP-101200.02,JOB-SATISFACTION_YEMP-101200.02_U0655000
U0655100,JOB-SATISFACTION_YEMP-101200.03,JOB-SATISFACTION_YEMP-101200.03_U0655100
U0655200,JOB-SATISFACTION_YEMP-101200.04,JOB-SATISFACTION_YEMP-101200.04_U0655200
U0655300,JOB-SATISFACTION_YEMP-101200.05,JOB-SATISFACTION_YEMP-101200.05_U0655300
U0655400,JOB-SATISFACTION_YEMP-101200.06,JOB-SATISFACTION_YEMP-101200.06_U0655400
U0655500,JOB-SATISFACTION_YEMP-101200.07,JOB-SATISFACTION_YEMP-101200.07_U0655500
U0655600,JOB-SATISFACTION_YEMP-101200.08,JOB-SATISFACTION_YEMP-101200.08_U0655600
U0655700,JOB-SATISFACTION_YEMP-101200.09,JOB-SATISFACTION_YEMP-101200.09_U0655700
U0655800,JOB-SATISFACTION_YEMP-101200.10,JOB-SATISFACTION_YEMP-101200.10_U0655800
U0655900,JOB-SATISFACTION_YEMP-101200.11,JOB-SATISFACTION_YEMP-101200.11_U0655900
U1342301,YEMP_STOPDATE.01~M,YEMP_STOPDATE.01~M_U1342301
U1342302,YEMP_STOPDATE.01~Y,YEMP_STOPDATE.01~Y_U1342302
U1342401,YEMP_STOPDATE.02~M,YEMP_STOPDATE.02~M_U1342401
U1342402,YEMP_STOPDATE.02~Y,YEMP_STOPDATE.02~Y_U1342402
U1342501,YEMP_STOPDATE.03~M,YEMP_STOPDATE.03~M_U1342501
U1342502,YEMP_STOPDATE.03~Y,YEMP_STOPDATE.03~Y_U1342502
U1342601,YEMP_STOPDATE.04~M,YEMP_STOPDATE.04~M_U1342601
U1342602,YEMP_STOPDATE.04~Y,YEMP_STOPDATE.04~Y_U1342602
U1342701,YEMP_STOPDATE.05~M,YEMP_STOPDATE.05~M_U1342701
U1342702,YEMP_STOPDATE.05~Y,YEMP_STOPDATE.05~Y_U1342702
U1342801,YEMP_STOPDATE.06~M,YEMP_STOPDATE.06~M_U1342801
U1342802,YEMP_STOPDATE.06~Y,YEMP_STOPDATE.06~Y_U1342802
U1342901,YEMP_STOPDATE.07~M,YEMP_STOPDATE.07~M_U1342901
U1342902,YEMP_STOPDATE.07~Y,YEMP_STOPDATE.07~Y_U1342902
U1343001,YEMP_STOPDATE.08~M,YEMP_STOPDATE.08~M_U1343001
U1343002,YEMP_STOPDATE.08~Y,YEMP_STOPDATE.08~Y_U1343002
U1343101,YEMP_STOPDATE.09~M,YEMP_STOPDATE.09~M_U1343101
U1343102,YEMP_STOPDATE.09~Y,YEMP_STOPDATE.09~Y_U1343102
U1343201,YEMP_STOPDATE.10~M,YEMP_STOPDATE.10~M_U1343201
U1343202,YEMP_STOPDATE.10~Y,YEMP_STOPDATE.10~Y_U1343202
U1343301,YEMP_STOPDATE.11~M,YEMP_STOPDATE.11~M_U1343301
U1343302,YEMP_STOPDATE.11~Y,YEMP_STOPDATE.11~Y_U1343302
U1343401,YEMP_STOPDATE.12~M,YEMP_STOPDATE.12~M_U1343401
U1343402,YEMP_STOPDATE.12~Y,YEMP_STOPDATE.12~Y_U1343402
U1343501,YEMP_STARTDATE.01~M,YEMP_STARTDATE.01~M_U1343501
U1343502,YEMP_STARTDATE.01~Y,YEMP_STARTDATE.01~Y_U1343502
U1343601,YEMP_STARTDATE.02~M,YEMP_STARTDATE.02~M_U1343601
U1343602,YEMP_STARTDATE.02~Y,YEMP_STARTDATE.02~Y_U1343602
U1343701,YEMP_STARTDATE.03~M,YEMP_STARTDATE.03~M_U1343701
U1343702,YEMP_STARTDATE.03~Y,YEMP_STARTDATE.03~Y_U1343702
U1343801,YEMP_STARTDATE.04~M,YEMP_STARTDATE.04~M_U1343801
U1343802,YEMP_STARTDATE.04~Y,YEMP_STARTDATE.04~Y_U1343802
U1343901,YEMP_STARTDATE.05~M,YEMP_STARTDATE.05~M_U1343901
U1343902,YEMP_STARTDATE.05~Y,YEMP_STARTDATE.05~Y_U1343902
U1344001,YEMP_STARTDATE.06~M,YEMP_STARTDATE.06~M_U1344001
U1344002,YEMP_STARTDATE.06~Y,YEMP_STARTDATE.06~Y_U1344002
U1344101,YEMP_STARTDATE.07~M,YEMP_STARTDATE.07~M_U1344101
U1344102,YEMP_STARTDATE.07~Y,YEMP_STARTDATE.07~Y_U1344102
U1344201,YEMP_STARTDATE.08~M,YEMP_STARTDATE.08~M_U1344201
U1344202,YEMP_STARTDATE.08~Y,YEMP_STARTDATE.08~Y_U1344202
U1344301,YEMP_STARTDATE.09~M,YEMP_STARTDATE.09~M_U1344301
U1344302,YEMP_STARTDATE.09~Y,YEMP_STARTDATE.09~Y_U1344302
U1344401,YEMP_STARTDATE.10~M,YEMP_STARTDATE.10~M_U1344401
U1344402,YEMP_STARTDATE.10~Y,YEMP_STARTDATE.10~Y_U1344402
U1344501,YEMP_STARTDATE.11~M,YEMP_STARTDATE.11~M_U1344501
U1344502,YEMP_STARTDATE.11~Y,YEMP_STARTDATE.11~Y_U1344502
U1344601,YEMP_STARTDATE.12~M,YEMP_STARTDATE.12~M_U1344601
U1344602,YEMP_STARTDATE.12~Y,YEMP_STARTDATE.12~Y_U1344602
